-- MySQL dump 10.13  Distrib 8.0.43, for Linux (x86_64)
--
-- Host: localhost    Database: shift_handover
-- ------------------------------------------------------
-- Server version	8.0.43

/*!40101 SET @OLD_CHARACTER_SET_CLIENT=@@CHARACTER_SET_CLIENT */;
/*!40101 SET @OLD_CHARACTER_SET_RESULTS=@@CHARACTER_SET_RESULTS */;
/*!40101 SET @OLD_COLLATION_CONNECTION=@@COLLATION_CONNECTION */;
/*!50503 SET NAMES utf8mb4 */;
/*!40103 SET @OLD_TIME_ZONE=@@TIME_ZONE */;
/*!40103 SET TIME_ZONE='+00:00' */;
/*!40014 SET @OLD_UNIQUE_CHECKS=@@UNIQUE_CHECKS, UNIQUE_CHECKS=0 */;
/*!40014 SET @OLD_FOREIGN_KEY_CHECKS=@@FOREIGN_KEY_CHECKS, FOREIGN_KEY_CHECKS=0 */;
/*!40101 SET @OLD_SQL_MODE=@@SQL_MODE, SQL_MODE='NO_AUTO_VALUE_ON_ZERO' */;
/*!40111 SET @OLD_SQL_NOTES=@@SQL_NOTES, SQL_NOTES=0 */;

--
-- Dumping data for table `shift`
--

LOCK TABLES `shift` WRITE;
/*!40000 ALTER TABLE `shift` DISABLE KEYS */;
INSERT INTO `shift` (`id`, `date`, `current_shift_type`, `next_shift_type`, `status`, `account_id`, `team_id`, `submitted_at`, `created_at`, `updated_at`, `additional_notes`) VALUES (23,'2025-11-21','Evening','Night','sent',3,12,'2025-11-21 16:15:04','2025-11-10 15:30:11','2025-11-21 16:15:04',NULL),(24,'2025-11-11','Evening','Night','sent',3,6,'2025-11-11 17:23:08','2025-11-11 17:23:07','2025-11-18 11:02:29',NULL),(30,'2025-11-24','Morning','Evening','sent',1,2,'2025-11-24 10:19:36','2025-11-18 17:44:51','2025-11-24 10:19:35',NULL),(31,'2025-11-20','Test','Test2','sent',1,2,NULL,'2025-11-20 15:08:29','2025-11-24 10:36:50',NULL),(33,'2025-11-24','Morning','Evening','sent',3,13,'2025-11-24 10:01:00','2025-11-24 10:00:59','2025-11-24 10:00:59',NULL),(34,'2025-11-24','Evening','Night','sent',1,2,'2025-11-24 10:31:37','2025-11-24 10:31:37','2025-11-24 10:31:37',NULL),(35,'2025-11-24','Evening','Night','sent',1,2,'2025-11-24 10:34:33','2025-11-24 10:34:33','2025-11-24 10:34:32',NULL),(36,'2025-11-20','Morning','Evening','sent',1,2,'2025-11-24 10:35:50','2025-11-24 10:35:50','2025-11-24 10:35:50',NULL),(37,'2025-11-20','Morning','Evening','sent',1,2,'2025-11-24 10:36:11','2025-11-24 10:36:11','2025-11-24 10:36:11',NULL),(38,'2025-11-24','Evening','Night','sent',1,2,'2025-11-24 10:37:35','2025-11-24 10:37:35','2025-11-24 10:37:34',NULL),(39,'2025-11-24','Evening','Night','sent',1,2,'2025-11-24 10:42:50','2025-11-24 10:42:50','2025-11-24 10:42:49',NULL),(40,'2025-11-24','Evening','Night','sent',1,2,'2025-11-24 10:48:35','2025-11-24 10:48:35','2025-11-24 10:48:34',NULL),(41,'2025-11-24','Evening','Night','sent',1,2,'2025-11-24 12:06:17','2025-11-24 10:51:49','2025-11-24 12:06:17',NULL),(42,'2025-11-24','Evening','Night','sent',1,2,'2025-11-24 12:05:58','2025-11-24 10:57:34','2025-11-24 12:05:57',NULL),(43,'2025-11-24','Evening','Night','sent',1,2,'2025-11-24 11:50:43','2025-11-24 11:50:43','2025-11-24 11:50:42',NULL),(44,'2025-11-24','Evening','Night','sent',1,2,'2025-11-24 12:27:00','2025-11-24 12:17:46','2025-11-24 12:27:00',NULL),(45,'2025-11-24','Evening','Night','sent',1,2,'2025-11-24 17:59:11','2025-11-24 12:45:48','2025-11-24 17:59:11','All good no issues'),(46,'2025-11-24','Evening','Night','sent',1,2,'2025-11-24 17:59:23','2025-11-24 12:53:43','2025-11-24 17:59:22','all good no issues2'),(47,'2025-11-24','Evening','Night','sent',1,2,'2025-11-24 17:59:34','2025-11-24 12:58:23','2025-11-24 17:59:33','All good no issues'),(48,'2025-11-24','Evening','Night','sent',1,2,'2025-11-24 17:59:27','2025-11-24 13:20:30','2025-11-24 17:59:27','testing another HO 10'),(49,'2025-11-24','Evening','Night','sent',1,2,'2025-11-24 17:59:45','2025-11-24 13:56:37','2025-11-24 17:59:44','testing HO 11 notes'),(50,'2025-11-24','Evening','Night','sent',1,2,'2025-11-24 17:59:50','2025-11-24 14:05:30','2025-11-24 17:59:50','testing HO 12 notes'),(51,'2025-11-24','Evening','Night','sent',1,2,'2025-11-24 17:59:55','2025-11-24 14:12:01','2025-11-24 17:59:54','testing ho draft 13 showing after draft'),(52,'2025-11-24','Evening','Night','sent',3,12,'2025-11-24 15:41:27','2025-11-24 15:41:27','2025-11-24 15:41:27',''),(53,'2025-11-24','Evening','Night','sent',1,2,'2025-11-24 16:38:02','2025-11-24 16:37:24','2025-11-24 16:38:01','all good no issues ddd'),(54,'2025-11-24','Evening','Night','sent',1,2,'2025-11-24 16:59:38','2025-11-24 16:59:09','2025-11-24 16:59:37','Everyhting is good finaal testing'),(55,'2025-11-24','Evening','Night','sent',1,2,'2025-11-24 17:25:18','2025-11-24 17:20:56','2025-11-24 17:25:18','all good no issues'),(56,'2025-11-24','Evening','Night','sent',1,2,'2025-11-24 17:41:37','2025-11-24 17:31:14','2025-11-24 17:41:37','all goo no issues'),(57,'2025-11-24','Evening','Night','sent',1,2,'2025-11-24 17:59:16','2025-11-24 17:43:20','2025-11-24 17:59:16','all goo d no issues'),(58,'2025-11-24','Evening','Night','sent',1,2,'2025-11-24 17:59:07','2025-11-24 17:47:40','2025-11-24 17:59:06','all goo d no issues'),(59,'2025-11-24','Evening','Night','sent',1,2,'2025-11-24 17:59:01','2025-11-24 17:51:12','2025-11-24 17:59:00','all goo d no issues'),(60,'2025-11-24','Evening','Night','sent',1,2,'2025-11-24 18:03:49','2025-11-24 18:02:41','2025-11-24 18:03:49','all good no issues'),(61,'2025-11-24','Evening','Night','sent',1,2,'2025-11-24 18:26:09','2025-11-24 18:16:14','2025-11-24 18:26:09','added new draft all good'),(62,'2025-11-23','Night','Morning','draft',1,2,NULL,'2025-11-24 18:28:08','2025-11-24 18:28:08','all goo no issues'),(63,'2025-11-24','Night','Morning','sent',1,2,'2025-11-24 18:38:50','2025-11-24 18:34:53','2025-11-24 18:38:50','added all details '),(64,'2025-11-24','Night','Morning','draft',1,2,NULL,'2025-11-24 18:40:34','2025-11-24 18:40:34','ALL GOOD NO ISSUES'),(65,'2025-11-24','Night','Morning','draft',1,2,NULL,'2025-11-24 18:49:57','2025-11-24 18:49:56','ALL GOOD NO ISSUES'),(66,'2025-11-24','Night','Morning','draft',1,2,NULL,'2025-11-24 18:54:58','2025-11-24 18:54:57','ALL GOOD NO ISSUES'),(67,'2025-11-24','Night','Morning','sent',1,2,'2025-11-24 19:05:07','2025-11-24 19:04:53','2025-11-24 19:05:06',''),(68,'2025-11-24','Night','Morning','sent',1,2,'2025-11-24 19:05:48','2025-11-24 19:05:48','2025-11-24 19:05:48',''),(69,'2025-11-24','Night','Morning','sent',1,2,'2025-11-24 19:10:33','2025-11-24 19:10:33','2025-11-24 19:10:32',''),(70,'2025-11-24','Night','Morning','sent',1,2,'2025-11-24 19:21:21','2025-11-24 19:21:21','2025-11-24 19:21:20',''),(71,'2025-11-24','Evening','Night','sent',1,2,'2025-11-24 19:34:05','2025-11-24 19:33:23','2025-11-24 19:34:05','ALL GOOD NO ISSUES'),(72,'2025-11-24','Night','Morning','sent',3,6,'2025-11-24 19:50:15','2025-11-24 19:50:15','2025-11-24 19:50:15','No outstanding issues or problems'),(73,'2025-11-25','Evening','Night','sent',1,2,'2025-11-25 13:53:28','2025-11-25 13:53:28','2025-11-25 13:53:27',''),(74,'2025-11-25','Evening','Night','sent',3,12,'2025-11-25 16:36:16','2025-11-25 15:51:31','2025-11-25 16:36:15','No significant issues were identified during the shift.'),(75,'2025-11-26','Morning','Evening','sent',3,13,'2025-11-26 10:17:35','2025-11-26 10:17:35','2025-11-26 10:17:34','Sensue Monitoring template: https://epam.sharepoint.com/:x:/r/sites/EPAMCTCOSupport/_layouts/15/doc2.aspx?sourcedoc=%7BEF8F3CF0-2BF9-4413-9A85-4D4C38BAE3D5%7D&file=Sensue%20Monitoring%20Template.xlsx&action=default&mobileredirect=true'),(76,'2025-11-26','Evening','Night','sent',3,12,'2025-11-26 16:00:31','2025-11-26 16:00:31','2025-11-26 16:00:30',''),(77,'2025-11-27','Morning','Evening','sent',3,13,'2025-11-27 10:38:45','2025-11-27 10:38:45','2025-11-27 10:38:45',''),(78,'2025-11-28','Morning','Evening','sent',3,13,'2025-11-28 11:27:14','2025-11-28 11:27:14','2025-11-28 11:27:14',''),(80,'2025-12-03','Morning','Evening','sent',3,5,'2025-12-03 12:31:12','2025-12-03 09:59:13','2025-12-03 12:31:11','Nightly Batch completed'),(81,'2025-12-03','Evening','Night','draft',1,2,NULL,'2025-12-03 10:02:38','2025-12-03 10:02:37',''),(82,'2025-12-01','Morning','Evening','sent',3,5,'2025-12-03 18:38:01','2025-12-03 18:38:01','2025-12-03 18:38:00',''),(83,'2025-12-04','Morning','Evening','sent',3,5,'2025-12-04 11:10:21','2025-12-04 08:54:45','2025-12-04 11:10:20',''),(84,'2025-12-01','Evening','Night','sent',3,5,'2025-12-04 10:36:34','2025-12-04 10:36:34','2025-12-04 10:36:34',''),(86,'2025-12-01','Night','Morning','sent',3,5,'2025-12-04 11:14:45','2025-12-04 11:14:45','2025-12-04 11:14:45',''),(87,'2025-12-02','Morning','Evening','sent',3,5,'2025-12-04 11:18:12','2025-12-04 11:18:12','2025-12-04 11:18:12',''),(88,'2025-12-02','Evening','Night','sent',3,5,'2025-12-04 11:24:01','2025-12-04 11:24:01','2025-12-04 11:24:00',''),(89,'2025-12-02','Night','Morning','sent',3,5,'2025-12-04 11:34:49','2025-12-04 11:34:49','2025-12-04 11:34:48',''),(90,'2025-12-03','Evening','Night','sent',3,5,'2025-12-04 11:39:58','2025-12-04 11:39:58','2025-12-04 11:39:57',''),(91,'2025-12-03','Night','Morning','sent',3,5,'2025-12-04 11:45:50','2025-12-04 11:45:50','2025-12-04 11:45:50',''),(92,'2025-12-04','Evening','Night','draft',3,12,NULL,'2025-12-04 15:47:04','2025-12-04 15:47:04','No significant issues were identified during the shift.'),(93,'2025-12-04','Evening','Night','sent',3,12,'2025-12-04 16:09:30','2025-12-04 16:09:30','2025-12-04 16:09:30',''),(94,'2025-12-04','Evening','Night','draft',3,5,NULL,'2025-12-04 17:07:16','2025-12-04 17:07:16',''),(95,'2025-12-04','Evening','Night','sent',3,5,'2025-12-04 17:08:59','2025-12-04 17:08:59','2025-12-04 17:08:59',''),(96,'2025-12-03','Evening','Night','sent',3,13,'2025-12-04 18:42:21','2025-12-04 18:42:21','2025-12-04 18:42:21',''),(97,'2025-12-05','Evening','Night','sent',1,2,'2025-12-05 11:40:20','2025-12-05 11:40:03','2025-12-05 11:40:20',''),(98,'2025-12-05','Morning','Evening','sent',1,2,'2025-12-05 11:41:02','2025-12-05 11:41:02','2025-12-05 11:41:01',''),(99,'2025-12-05','Evening','Night','sent',3,12,'2025-12-05 15:42:47','2025-12-05 14:06:55','2025-12-05 15:42:47','No significant issues were identified during the shift.'),(100,'2025-12-05','Morning','Evening','sent',3,5,'2025-12-05 15:26:23','2025-12-05 15:26:23','2025-12-05 15:26:22','INC5422665 - All AGV are down (Closed)\r\nVendor Dematic identified during an earlier visit today, while testing related to the remapping process, a database update was performed. Some records were inadvertently deleted, causing the AGVs to malfunction. Vendor Dematic re-added the missing entries and performed an EMS service restart\r\n \r\nDC user confirmed all AGVs are up and fully functional'),(101,'2025-12-05','Evening','Night','sent',3,5,'2025-12-05 18:03:21','2025-12-05 18:03:21','2025-12-05 18:03:21',''),(102,'2025-12-04','Evening','Night','sent',3,13,'2025-12-05 18:27:43','2025-12-05 18:27:43','2025-12-05 18:27:43',''),(103,'2025-12-05','Night','Morning','sent',3,5,'2025-12-06 03:16:03','2025-12-06 03:16:03','2025-12-06 03:16:03',''),(104,'2025-12-06','Morning','Evening','sent',3,5,'2025-12-06 09:54:48','2025-12-06 09:53:54','2025-12-08 06:29:30',''),(106,'2025-12-06','Evening','Night','sent',3,5,'2025-12-06 21:54:48','2025-12-06 12:34:09','2025-12-08 06:31:16',''),(110,'2025-12-06','Night','Morning','sent',3,5,'2025-12-08 06:34:22','2025-12-08 06:34:22','2025-12-08 06:34:22',''),(111,'2025-12-07','Morning','Evening','sent',3,5,'2025-12-08 06:42:48','2025-12-08 06:42:48','2025-12-08 06:42:48',''),(112,'2025-12-07','Evening','Night','sent',3,5,'2025-12-08 06:44:25','2025-12-08 06:44:25','2025-12-08 06:44:24',''),(113,'2025-12-07','Night','Morning','sent',3,5,'2025-12-08 06:46:47','2025-12-08 06:46:47','2025-12-08 06:46:46',''),(117,'2025-12-08','Morning','Evening','sent',3,5,'2025-12-08 10:03:57','2025-12-08 10:03:57','2025-12-08 10:03:57',''),(118,'2025-12-08','Evening','Night','draft',3,12,NULL,'2025-12-08 14:59:11','2025-12-08 14:59:10',''),(119,'2025-12-08','Evening','Night','sent',3,12,'2025-12-08 15:09:26','2025-12-08 15:09:26','2025-12-08 15:09:25','No significant issues were identified during the shift.'),(121,'2025-12-08','Evening','Night','sent',3,5,'2025-12-08 16:47:58','2025-12-08 16:42:30','2025-12-08 16:47:58',''),(122,'2025-12-09','Morning','Evening','draft',3,5,NULL,'2025-12-09 08:58:03','2025-12-09 08:58:03',''),(123,'2025-12-09','Evening','Night','sent',3,5,'2025-12-10 08:34:47','2025-12-10 08:34:47','2025-12-10 08:34:46',''),(124,'2025-12-10','Evening','Night','sent',3,12,'2025-12-10 15:10:27','2025-12-10 15:10:27','2025-12-10 15:10:27',''),(125,'2025-12-11','Morning','Evening','sent',3,13,'2025-12-11 10:20:21','2025-12-11 10:20:21','2025-12-11 10:20:20',''),(126,'2025-12-11','Evening','Night','draft',3,12,NULL,'2025-12-11 15:55:48','2025-12-11 15:55:48',''),(127,'2025-12-11','Evening','Night','sent',3,12,'2025-12-11 16:03:36','2025-12-11 16:03:36','2025-12-11 16:03:35','No open incident or task to handover.'),(128,'2025-12-11','Evening','Night','draft',3,12,NULL,'2025-12-11 16:19:03','2025-12-11 16:19:03',''),(129,'2025-12-11','Offshore','Night','sent',3,12,'2025-12-11 16:26:02','2025-12-11 16:26:02','2025-12-11 16:26:02','No significant issues were identified during the shift.'),(130,'2025-12-11','Evening','Morning','sent',3,13,'2025-12-11 18:50:02','2025-12-11 18:50:02','2025-12-11 18:50:01',''),(131,'2025-12-12','Morning','Evening','draft',3,5,NULL,'2025-12-12 08:52:21','2025-12-12 08:52:20',''),(132,'2025-12-12','Morning','Evening','sent',3,5,'2025-12-12 09:27:26','2025-12-12 09:27:26','2025-12-12 09:27:26',''),(133,'2025-12-12','Morning','Evening','sent',3,13,'2025-12-12 10:29:33','2025-12-12 10:29:33','2025-12-12 10:29:33',''),(134,'2025-12-12','Evening','Night','sent',3,12,'2025-12-12 15:25:56','2025-12-12 15:25:56','2025-12-12 15:25:55',''),(135,'2025-12-12','Evening','Night','sent',3,5,'2025-12-12 16:26:03','2025-12-12 16:26:03','2025-12-12 16:26:02',''),(136,'2025-12-12','Offshore','Night','draft',3,12,NULL,'2025-12-12 17:23:31','2025-12-12 17:23:30',''),(137,'2025-12-12','Offshore','Night','sent',3,12,'2025-12-12 17:24:13','2025-12-12 17:24:13','2025-12-12 17:24:13',''),(138,'2025-12-12','Morning','Night','sent',3,12,'2025-12-12 17:24:54','2025-12-12 17:24:54','2025-12-12 17:24:53',''),(139,'2025-12-12','Evening','Morning','sent',3,13,'2025-12-12 18:25:18','2025-12-12 18:25:18','2025-12-12 18:25:18',''),(140,'2025-12-12','Night','Morning','draft',3,5,NULL,'2025-12-12 18:38:57','2025-12-12 18:38:57',''),(141,'2025-12-12','Night','Morning','draft',3,5,NULL,'2025-12-12 22:09:41','2025-12-12 22:09:40',''),(142,'2025-12-12','Night','Morning','sent',3,5,'2025-12-13 00:23:40','2025-12-13 00:23:40','2025-12-13 00:23:40',''),(143,'2025-12-13','Morning','Evening','sent',3,5,'2025-12-13 09:26:58','2025-12-13 09:26:58','2025-12-13 09:26:57',''),(144,'2025-12-15','Evening','Night','sent',3,12,'2025-12-15 16:26:44','2025-12-15 16:26:44','2025-12-15 16:26:44','No significant issues were identified during the shift.'),(145,'2025-12-15','Evening','Morning','sent',3,13,'2025-12-15 18:56:14','2025-12-15 18:56:14','2025-12-15 18:56:13',''),(146,'2025-12-15','Night','Morning','sent',3,5,'2025-12-16 00:07:00','2025-12-16 00:07:00','2025-12-16 00:06:59',''),(147,'2025-12-15','Night','Morning','draft',3,5,NULL,'2025-12-16 00:14:17','2025-12-16 00:14:17',''),(148,'2025-12-16','Morning','Evening','sent',3,13,'2025-12-16 10:37:02','2025-12-16 10:37:02','2025-12-16 10:37:01',''),(149,'2025-12-16','Evening','Night','sent',3,12,'2025-12-16 15:26:45','2025-12-16 14:45:02','2025-12-16 15:26:44',''),(150,'2025-12-17','Evening','Night','sent',3,12,'2025-12-17 16:35:58','2025-12-17 16:35:58','2025-12-17 16:35:58',''),(151,'2025-12-18','Evening','Night','draft',3,12,NULL,'2025-12-18 16:13:39','2025-12-18 16:13:39',''),(152,'2025-12-18','Evening','Night','sent',3,5,'2025-12-18 17:03:24','2025-12-18 17:03:24','2025-12-18 17:03:24',''),(153,'2025-12-18','Evening','Morning','sent',3,13,'2025-12-18 18:42:16','2025-12-18 18:42:16','2025-12-18 18:42:15',''),(154,'2025-12-19','Morning','Evening','sent',3,13,'2025-12-19 10:12:54','2025-12-19 09:36:12','2025-12-19 10:12:53',''),(155,'2025-12-19','Evening','Night','draft',3,12,NULL,'2025-12-19 14:32:05','2025-12-19 14:32:04',''),(156,'2025-12-19','Evening','Night','sent',3,12,'2025-12-19 15:47:09','2025-12-19 15:47:09','2025-12-19 15:47:09',''),(157,'2025-12-19','Evening','Morning','sent',3,13,'2025-12-19 18:26:45','2025-12-19 18:26:45','2025-12-19 18:26:44',''),(158,'2025-12-20','Evening','Night','sent',3,5,'2025-12-20 16:24:09','2025-12-20 16:24:09','2025-12-20 16:24:09',''),(159,'2025-12-22','Morning','Evening','sent',3,13,'2025-12-22 10:02:51','2025-12-22 10:02:51','2025-12-22 10:02:51',''),(160,'2025-12-22','Evening','Night','sent',3,12,'2025-12-22 16:22:15','2025-12-22 16:22:15','2025-12-22 16:22:15',''),(161,'2025-12-22','Evening','Morning','sent',3,13,'2025-12-22 18:39:20','2025-12-22 18:39:20','2025-12-22 18:39:20','');
/*!40000 ALTER TABLE `shift` ENABLE KEYS */;
UNLOCK TABLES;

--
-- Dumping data for table `shift_key_point`
--

LOCK TABLES `shift_key_point` WRITE;
/*!40000 ALTER TABLE `shift_key_point` DISABLE KEYS */;
INSERT INTO `shift_key_point` (`id`, `description`, `status`, `responsible_engineer_id`, `shift_id`, `jira_id`, `account_id`, `team_id`) VALUES (14,'Test Key Point 1 - Database connection','Closed',NULL,31,'TEST-001',1,2),(15,'Test Key Point 2 - Application status','Closed',NULL,31,'TEST-002',1,2),(16,'Test Key Point 3 - Performance monitoring','Closed',NULL,31,NULL,1,2),(27,'Sensue Monitoring Morning','Closed',58,33,NULL,3,13),(28,'All apps are running fine test key points','Closed',37,30,NULL,1,2),(29,'Test Key Point 1 - Database connection','Closed',NULL,30,'TEST-001',1,2),(30,'Test Key Point 2 - Application status','Closed',NULL,30,'TEST-002',1,2),(31,'Test Key Point 3 - Performance monitoring','Closed',NULL,30,NULL,1,2),(32,'All apps are running fine test key points 1','Closed',37,30,NULL,1,2),(33,'All apps are running fine test key points 2','Closed',37,30,NULL,1,2),(34,'All apps are running fine test key points 3','Closed',37,30,NULL,1,2),(35,'Test Key Point 1 - Database connection','Closed',NULL,34,'TEST-001',1,2),(36,'Test Key Point 2 - Application status','Closed',NULL,34,'TEST-002',1,2),(37,'Test Key Point 3 - Performance monitoring','Closed',NULL,34,NULL,1,2),(38,'All apps are running fine test key points','Closed',37,34,NULL,1,2),(39,'All apps are running fine test key points 1','Closed',37,34,NULL,1,2),(40,'All apps are running fine test key points 2','Closed',37,34,NULL,1,2),(41,'All apps are running fine test key points 3','Closed',37,34,NULL,1,2),(42,'Test Key Point 1 - Database connection','Closed',NULL,35,'TEST-001',1,2),(43,'Test Key Point 2 - Application status','Closed',NULL,35,'TEST-002',1,2),(44,'Test Key Point 3 - Performance monitoring','Closed',NULL,35,NULL,1,2),(45,'All apps are running fine test key points','Closed',37,35,NULL,1,2),(46,'All apps are running fine test key points 1','Closed',37,35,'None',1,2),(47,'All apps are running fine test key points 2','Closed',37,35,NULL,1,2),(48,'Test Key Point 1 - Database connection','Closed',NULL,36,'TEST-001',1,2),(49,'Test Key Point 3 - Performance monitoring','Closed',NULL,36,NULL,1,2),(50,'All apps are running fine test key points','Closed',37,36,NULL,1,2),(51,'All apps are running fine test key points 1','Closed',37,36,NULL,1,2),(52,'All apps are running fine test key points 2','Closed',37,36,NULL,1,2),(53,'Test Key Point 1 - Database connection','Closed',NULL,37,'TEST-001',1,2),(54,'Test Key Point 3 - Performance monitoring','Closed',37,37,'None',1,2),(55,'All apps are running fine test key points','Closed',37,37,'None',1,2),(56,'All apps are running fine test key points 1','Closed',37,37,NULL,1,2),(57,'Test Key Point 1 - Database connection','Closed',NULL,38,'TEST-001',1,2),(58,'Test Key Point 3 - Performance monitoring','Closed',NULL,38,NULL,1,2),(59,'All apps are running fine test key points','Closed',37,38,'None',1,2),(60,'All apps are running fine test key points 1','Closed',37,38,NULL,1,2),(61,'Test Key Point 1 - Database connection','Closed',37,39,'TEST-001',1,2),(62,'Test Key Point 3 - Performance monitoring','Closed',NULL,39,NULL,1,2),(63,'All apps are running fine test key points','Closed',37,39,'None',1,2),(64,'All apps are running fine test key points 1','Closed',37,39,NULL,1,2),(65,'Test Key Point 1 - Database connection','Closed',NULL,40,'TEST-001',1,2),(66,'Test Key Point 3 - Performance monitoring','Closed',39,40,'None',1,2),(67,'All apps are running fine test key points','Closed',37,40,'None',1,2),(68,'All apps are running fine test key points 1','Closed',37,40,NULL,1,2),(77,'Test Key Point 1 - Database connection','Closed',NULL,43,'TEST-001',1,2),(78,'Test Key Point 3 - Performance monitoring','Closed',NULL,43,'None',1,2),(79,'All apps are running fine test key points','Closed',37,43,'None',1,2),(80,'All apps are running fine test key points 1','Closed',37,43,NULL,1,2),(114,'Test Key Point 3 - Performance monitoring','Closed',39,53,'None',1,2),(115,'Test Key Point 1 - Database connection','Closed',37,53,'TEST-001',1,2),(116,'All apps are running fine test key points','Closed',37,53,'None',1,2),(118,'All apps are running fine test key points','Closed',37,54,'None',1,2),(120,'All apps are running fine test key points','Closed',37,55,'None',1,2),(124,'All apps are running fine test key points','Closed',37,59,'None',1,2),(125,'All apps are running fine test key points','Closed',37,59,'None',1,2),(126,'Test Key Point 1 - Database connection','Closed',37,48,'TEST-001',1,2),(127,'All apps are running fine test key points','Closed',37,48,'None',1,2),(128,'Test Key Point 3 - Performance monitoring','Closed',39,48,'None',1,2),(131,'added a new key point-1','Closed',36,60,'None',1,2),(132,'added a new key point-1','Closed',36,60,'None',1,2),(134,'added a new key point-1','Closed',36,61,'None',1,2),(136,'added a new key point-1','Closed',36,62,'None',1,2),(138,'added a new key point-1','Closed',36,63,'None',1,2),(139,'added a new key point-1','Closed',36,64,NULL,1,2),(140,'added a new key point-1','Closed',36,65,NULL,1,2),(141,'added a new key point-1','Closed',36,66,NULL,1,2),(146,'KEY POINT1','Closed',36,67,'None',1,2),(147,'KEY POINT2','Closed',37,67,'None',1,2),(148,'KEY POINT3','Closed',37,67,'None',1,2),(149,'KEY POINT4','Closed',38,67,'None',1,2),(150,'KEY POINT4','Closed',38,68,NULL,1,2),(151,'KEY POINT2','Closed',37,68,NULL,1,2),(155,'ALL APPS RUNNING1','Closed',36,71,'None',1,2),(156,'ALL APPS RUNNING 2 ONE','Closed',37,71,'None',1,2),(157,'ALL ARE GOOD NO ISSUES','Closed',38,71,'None',1,2),(158,'Sensue Monitoring - Morning','Closed',58,75,NULL,3,13),(159,'Sensue Monitoring - Evening','Open',66,75,NULL,3,13),(160,'Update the access requests status','Open',67,75,NULL,3,13),(161,'raise access to D365','Open',57,75,NULL,3,13),(162,'create incidents and assign to SRE','Open',67,75,NULL,3,13),(163,'Sensue Monitoring - Morning','Closed',58,77,NULL,3,13),(164,'Sensue Monitoring - Evening','Closed',58,77,NULL,3,13),(165,'Access Vaildation','In Progress',57,77,NULL,3,13),(166,'Run Book update','In Progress',57,77,NULL,3,13),(167,'Dashboard created and viewed','Open',NULL,77,NULL,3,13),(168,'Sensue Monitoring - Morning','Closed',58,78,NULL,3,13),(169,'Sensu Monitoring - Evening','Closed',66,78,NULL,3,13),(170,'Access tracker (Store Tech Onboarding sheet)','Open',66,78,NULL,3,13),(171,'Planning to make sensu monitoring easy.','In Progress',NULL,78,NULL,3,13),(172,'DDB doc review & update','In Progress',57,78,NULL,3,13),(173,'Update epam access tracker(L2 monitoring team Onboarding sheet) with links and remarks','Open',66,78,NULL,3,13),(174,'D365 Access','In Progress',57,78,NULL,3,13),(175,'Roster for December - Review the roster','Open',NULL,78,NULL,3,13),(180,'Complete ELITEA DOM Agent Feedback Last Date Dec 3rd','Closed',NULL,80,'None',3,5),(181,'Please begin monitoring the calendar job each day at 6 PM EST and continue doing until a positive alert is observed, NR team has updated the alert configuration.','In Progress',NULL,80,'None',3,5),(182,'Maximo KT session is scheduled on 4th Dec','Closed',15,80,'None',3,5),(183,'Everyone update your planned leaves for January before 10th of Dec.','In Progress',NULL,80,'None',3,5),(184,'Complete ELITEA DOM Agent Feedback & ServiceNowKBCoach Agent Survey','Closed',NULL,82,NULL,3,5),(185,'lease begin monitoring the calender job each day at 6 PM EST and continue doing until a positive alert is observed, NR team has updated the alert configuration','Closed',NULL,82,NULL,3,5),(186,'Please check (ia.tmsprod.driver.shift.inbound-sbt) topic, and in case messages are piling up, restart it.','Closed',NULL,82,NULL,3,5),(200,'Please begin monitoring the calender job each day at 6 PM EST and continue doing until a positive alert is observed, NR team has updated the alert configuration','Closed',NULL,83,'None',3,5),(201,'Complete ELITEA DOM Agent Feedback & ServiceNowKBCoach Agent Survey','Closed',NULL,83,'None',3,5),(202,'Everyone update your planned leaves for January before 10th of Dec.','In Progress',NULL,83,'None',3,5),(203,'Maximo KT session is scheduled on 4th Dec','Closed',15,83,'None',3,5),(204,'Please check (ia.tmsprod.driver.shift.inbound-sbt) topic, and in case messages are piling up, restart it.','Closed',NULL,84,NULL,3,5),(205,'Please begin monitoring the calendar job each day at 6 PM EST and continue doing until a positive alert is observed, NR team has updated the alert configuration.','In Progress',NULL,84,NULL,3,5),(206,'Complete ELITEA DOM Agent Feedback Last Date Dec 3rd','Closed',NULL,84,NULL,3,5),(211,'Complete ELITEA DOM Agent Feedback Last Date Dec 3rd','Closed',NULL,86,NULL,3,5),(212,'Please begin monitoring the calendar job each day at 6 PM EST and continue doing until a positive alert is observed, NR team has updated the alert configuration.','In Progress',NULL,86,NULL,3,5),(213,'Please check (ia.tmsprod.driver.shift.inbound-sbt) topic, and in case messages are piling up, restart it.','Closed',NULL,86,NULL,3,5),(214,'Please check (ia.tmsprod.driver.shift.inbound-sbt) topic, and in case messages are piling up, restart it.','Closed',NULL,87,NULL,3,5),(215,'Please begin monitoring the calendar job each day at 6 PM EST and continue doing until a positive alert is observed, NR team has updated the alert configuration.','In Progress',NULL,87,NULL,3,5),(216,'Complete ELITEA DOM Agent Feedback Last Date Dec 3rd','Closed',NULL,87,NULL,3,5),(217,'Complete ELITEA DOM Agent Feedback Last Date Dec 3rd','Closed',NULL,88,NULL,3,5),(218,'Please begin monitoring the calendar job each day at 6 PM EST and continue doing until a positive alert is observed, NR team has updated the alert configuration.','In Progress',NULL,88,NULL,3,5),(219,'Please check (ia.tmsprod.driver.shift.inbound-sbt) topic, and in case messages are piling up, restart it.','Closed',NULL,88,NULL,3,5),(220,'Maximo KT session is scheduled on 4th Dec','Closed',15,88,NULL,3,5),(221,'Maximo KT session is scheduled on 4th Dec','Closed',15,89,NULL,3,5),(222,'Please check (ia.tmsprod.driver.shift.inbound-sbt) topic, and in case messages are piling up, restart it.','Closed',NULL,89,NULL,3,5),(223,'Please begin monitoring the calendar job each day at 6 PM EST and continue doing until a positive alert is observed, NR team has updated the alert configuration.','In Progress',NULL,89,NULL,3,5),(224,'Complete ELITEA DOM Agent Feedback Last Date Dec 3rd','Closed',NULL,89,NULL,3,5),(225,'Complete ELITEA DOM Agent Feedback Last Date Dec 3rd','Closed',NULL,90,NULL,3,5),(226,'Please begin monitoring the calendar job each day at 6 PM EST and continue doing until a positive alert is observed, NR team has updated the alert configuration.','In Progress',NULL,90,NULL,3,5),(227,'Maximo KT session is scheduled on 4th Dec','Closed',15,90,NULL,3,5),(228,'Everyone update your planned leaves for January before 10th of Dec.','In Progress',NULL,90,NULL,3,5),(229,'Everyone update your planned leaves for January before 10th of Dec.','In Progress',NULL,91,NULL,3,5),(230,'Maximo KT session is scheduled on 4th Dec','Closed',15,91,NULL,3,5),(231,'Please begin monitoring the calendar job each day at 6 PM EST and continue doing until a positive alert is observed, NR team has updated the alert configuration.','In Progress',NULL,91,NULL,3,5),(232,'Complete ELITEA DOM Agent Feedback Last Date Dec 3rd','Closed',NULL,91,NULL,3,5),(233,'Please begin monitoring the calendar job each day at 6 PM EST and continue doing until a positive alert is observed, NR team has updated the alert configuration.','In Progress',NULL,94,NULL,3,5),(234,'Maximo KT session is scheduled on 4th Dec','Closed',15,94,NULL,3,5),(235,'Everyone update your planned leaves for January before 10th of Dec.','In Progress',NULL,94,NULL,3,5),(236,'Everyone update your planned leaves for January before 10th of Dec.','In Progress',NULL,95,NULL,3,5),(237,'Maximo KT session is scheduled on 4th Dec','Closed',15,95,NULL,3,5),(238,'Please begin monitoring the calendar job each day at 6 PM EST and continue doing until a positive alert is observed, NR team has updated the alert configuration.','In Progress',NULL,95,NULL,3,5),(239,'Sensu Monitoring - Night','Open',67,96,NULL,3,13),(240,'Access Requests Validation','Closed',NULL,96,NULL,3,13),(241,'Validation document for all the access requests','Closed',66,96,NULL,3,13),(242,'D365 Daily Checklists Activity','Closed',57,96,NULL,3,13),(243,'DDB Activity','Closed',58,96,NULL,3,13),(244,'On Queue Incident Management','Closed',19,96,NULL,3,13),(245,'Realtime test incidents for queue management','Closed',92,96,NULL,3,13),(247,'test key point','Open',38,97,'None',1,2),(248,'test key point','Open',38,98,NULL,1,2),(249,'Please begin monitoring the calendar job each day at 6 PM EST and continue doing until a positive alert is observed, NR team has updated the alert configuration.','In Progress',NULL,100,NULL,3,5),(250,'Everyone update your planned leaves for January before 10th of Dec.','In Progress',NULL,100,NULL,3,5),(251,'Validate UA access : Services, ASB Queue (Update status in Access Tracker)','In Progress',NULL,100,NULL,3,5),(252,'Complete AI Survey : AMS-AI Survey','In Progress',NULL,100,NULL,3,5),(253,'Complete AI Survey : AMS-AI Survey','In Progress',NULL,101,NULL,3,5),(254,'Validate UA access : Services, ASB Queue (Update status in Access Tracker)','In Progress',NULL,101,NULL,3,5),(255,'Everyone update your planned leaves for January before 10th of Dec.','In Progress',NULL,101,NULL,3,5),(256,'Please begin monitoring the calendar job each day at 6 PM EST and continue doing until a positive alert is observed, NR team has updated the alert configuration.','In Progress',NULL,101,NULL,3,5),(257,'Sensu Monitoring - Evening','Closed',58,102,NULL,3,13),(258,'Sensu Monitoring - Night','Open',67,102,NULL,3,13),(259,'D365 checklist','Closed',57,102,NULL,3,13),(260,'DDB Activity','Closed',58,102,NULL,3,13),(261,'Queue Management','Closed',19,102,NULL,3,13),(262,'Queue Management Document','Closed',19,102,NULL,3,13),(263,'Knowledge Articles of DDB and Sensu','Closed',57,102,NULL,3,13),(264,'Pending Access Requests Report mail','Closed',58,102,NULL,3,13),(265,'Please begin monitoring the calendar job each day at 6 PM EST and continue doing until a positive alert is observed, NR team has updated the alert configuration.','In Progress',NULL,103,NULL,3,5),(266,'Everyone update your planned leaves for January before 10th of Dec.','In Progress',NULL,103,NULL,3,5),(267,'Validate UA access : Services, ASB Queue (Update status in Access Tracker)','In Progress',NULL,103,NULL,3,5),(268,'Complete AI Survey : AMS-AI Survey','In Progress',NULL,103,NULL,3,5),(269,'Complete AI Survey : AMS-AI Survey','In Progress',NULL,104,NULL,3,5),(270,'Validate UA access : Services, ASB Queue (Update status in Access Tracker)','In Progress',NULL,104,NULL,3,5),(271,'Everyone update your planned leaves for January before 10th of Dec.','In Progress',NULL,104,NULL,3,5),(272,'Please begin monitoring the calendar job each day at 6 PM EST and continue doing until a positive alert is observed, NR team has updated the alert configuration.','In Progress',NULL,104,NULL,3,5),(277,'Complete AI Survey : AMS-AI Survey','In Progress',NULL,106,NULL,3,5),(278,'Validate UA access : Services, ASB Queue (Update status in Access Tracker)','In Progress',NULL,106,NULL,3,5),(279,'Everyone update your planned leaves for January before 10th of Dec.','Closed',NULL,106,NULL,3,5),(280,'Please begin monitoring the calendar job each day at 6 PM EST and continue doing until a positive alert is observed, NR team has updated the alert configuration.','In Progress',NULL,106,NULL,3,5),(298,'Please begin monitoring the calendar job each day at 6 PM EST and continue doing until a positive alert is observed, NR team has updated the alert configuration.','In Progress',NULL,121,NULL,3,5),(300,'Everyone update your planned leaves for January before 10th of Dec.','Closed',NULL,121,NULL,3,5),(301,'Validate UA access : Services, ASB Queue (Update status in Access Tracker)','Closed',NULL,121,NULL,3,5),(302,'Complete AI Survey : AMS-AI Survey','Closed',NULL,121,NULL,3,5),(303,'14457 SDWAN - Montreal Eastern DC Sunday December 14th @ 10pm ET','Closed',NULL,121,NULL,3,5),(304,'Autostore secondary server access- please verify- p5cpc1asap01','Closed',NULL,123,NULL,3,5),(305,'Monitor Unify Analytics ASB Topics for deadletters  until NR alert is fixed - \r\nhttps://portal.azure.com/#@cantirecorp.onmicrosoft.com/resource/subscriptions/358fb359-b46f-4499-92b9-3b3c3adcffc0/resourceGroups/corp-prod-056-md83-cc-rg/providers/Microsoft.ServiceBus/namespaces/corp-prod-056-uassb/topics','In Progress',NULL,123,NULL,3,5),(306,'Sensue Monitoring - Morning','Closed',19,125,NULL,3,13),(307,'Incident queue Management- Morning','Closed',66,125,NULL,3,13),(308,'D365 batch job','Closed',19,125,NULL,3,13),(309,'Incident queue Management - Evening','Closed',NULL,125,NULL,3,13),(310,'Sensu Monitoring - Evening','Closed',NULL,130,NULL,3,13),(311,'DDB, Daily checklist','Closed',NULL,130,NULL,3,13),(312,'Deprovisioning shadow','In Progress',NULL,130,NULL,3,13),(313,'Deprovisioning Doc','In Progress',57,130,NULL,3,13),(314,'Sensu Monitoring - Morning','Closed',19,133,NULL,3,13),(315,'Incident queue Management - morning','Closed',19,133,NULL,3,13),(316,'Sensu Monitoring - Evening','Closed',NULL,133,NULL,3,13),(317,'Incident queue Management - evvening','In Progress',NULL,133,NULL,3,13),(318,'Incident queue Management - evening','Closed',67,139,NULL,3,13),(319,'D365 Checklist Doc','Closed',57,139,NULL,3,13),(320,'DDB','Closed',58,139,NULL,3,13),(321,'D365 Checklist','Closed',67,139,NULL,3,13),(322,'Incident Closure','Closed',NULL,139,NULL,3,13),(323,'Monitor Unify Analytics ASB Topics for dead letters until NR alert is fixed - \r\nhttps://portal.azure.com/#@cantirecorp.onmicrosoft.com/resource/subscriptions/358fb359-b46f-4499-92b9-3b3c3adcffc0/resourceGroups/corp-prod-056-md83-cc-rg/providers/Microsoft.ServiceBus/namespaces/corp-prod-056-uassb/topics\r\nput status update every 3 hours in forward shadowing chat for UA','In Progress',NULL,143,NULL,3,5),(324,'Incident queue Management - evening','Closed',NULL,145,NULL,3,13),(325,'DDB Dashboard Doc','In Progress',67,145,NULL,3,13),(326,'ST alerts','Closed',67,145,NULL,3,13),(327,'Daily Checklist - Evening','Closed',66,145,NULL,3,13),(328,'Validation of Citrix Director','In Progress',57,145,NULL,3,13),(329,'Shadow / Follow up on Daily checklist for applications','In Progress',57,145,NULL,3,13),(330,'Runbook update of D365 checklist - with todays scenario','In Progress',19,145,NULL,3,13),(331,'Update of Daily check list with row number details that should be part of validation post the automation','In Progress',66,145,NULL,3,13),(332,'Document Daily Check list activity Traditional & New Method','In Progress',66,145,NULL,3,13),(333,'Validation of Citrix Director & Daily Checklist Validation','In Progress',57,148,NULL,3,13),(334,'DDB activity KB','In Progress',57,148,NULL,3,13),(335,'Incident queue Management - Morning','Closed',58,148,NULL,3,13),(336,'Store Tech Event Incident Validation KB','Open',66,148,NULL,3,13),(337,'Deprovisioning activity intake','Open',57,148,NULL,3,13),(338,'Sensu Monitoring - Evening','Closed',66,148,NULL,3,13),(339,'Follow up with NR team to get RCA on DOM Servers (05,09) disk space issues . - Awaiting vendor response(NR support)','In Progress',NULL,152,NULL,3,5),(340,'INC5439611 - raised for Aix host not reporting alerts for prd120 and prd205. EIS - Network team confirmed no packdrop between AIX host and Newrelic insights. They are further checking if any network issue during the issue window (investigation under NR team).','In Progress',NULL,152,NULL,3,5),(341,'INC5443218 - 57 RPA record which are not picked by TOS. Dev team is checking why its not picked and are those record outdated? and not required any more processing','In Progress',NULL,152,NULL,3,5),(342,'Weekly follow up on open problem ticket and update problem tracker','In Progress',NULL,152,NULL,3,5),(343,'DDB Dashboard','Closed',66,153,NULL,3,13),(344,'D365 daily checklist','Closed',67,153,NULL,3,13),(345,'Deprovisioning Task','Closed',NULL,153,NULL,3,13),(346,'St alerts','Closed',NULL,153,NULL,3,13),(347,'Queue mangement activity','Closed',NULL,153,NULL,3,13),(348,'Queue mangement activity doc','In Progress',NULL,153,NULL,3,13),(349,'KB for alerts','Closed',66,153,NULL,3,13),(350,'KB for Deprovisioning','Closed',57,153,NULL,3,13),(351,'Updating Problem ID\'s','Closed',NULL,153,NULL,3,13),(352,'Sensu Monitoring - Morning','Closed',NULL,154,NULL,3,13),(353,'Queue Management - Morning','Closed',NULL,154,NULL,3,13),(354,'D365 Batch job','Closed',NULL,154,NULL,3,13),(355,'Event Incident Validation','Closed',NULL,154,NULL,3,13),(356,'DDB Activity','Closed',NULL,154,NULL,3,13),(357,'D365 checklist','Closed',19,154,NULL,3,13),(358,'Problem Tagging','Closed',NULL,154,NULL,3,13),(359,'Deprovisioning','Closed',NULL,154,NULL,3,13),(360,'POS SSH Access for Everyone','Open',NULL,154,NULL,3,13),(361,'Mainframe ID Validation','Closed',NULL,154,NULL,3,13),(362,'Access Consolidation for the team','Open',NULL,154,NULL,3,13),(363,'Call with Pawan on new task','Open',NULL,154,NULL,3,13),(364,'Adding additional points in incident management document','Open',NULL,154,NULL,3,13),(365,'Sensue Monitoring','Closed',NULL,157,NULL,3,13),(366,'Queue Management activity','Closed',NULL,157,NULL,3,13),(367,'D365 Daily checklist','Closed',66,157,NULL,3,13),(368,'ST alerts','Closed',66,157,NULL,3,13),(369,'Deprovisioning','Closed',NULL,157,NULL,3,13),(370,'Problem Tagging','Closed',NULL,157,NULL,3,13),(371,'Deprovisioning and Incident management doc verification','Closed',NULL,157,NULL,3,13),(372,'Access consolidation','Closed',NULL,157,NULL,3,13),(373,'Queue Management - Morning','Closed',58,159,NULL,3,13),(374,'Deprovisioning','Closed',NULL,159,NULL,3,13),(375,'D365 Batch job','Closed',58,159,NULL,3,13),(376,'DDB activity','Closed',57,159,NULL,3,13),(377,'Daily Checklist Access Validation','In Progress',57,159,NULL,3,13),(378,'ST alerts KB mail','Closed',66,159,NULL,3,13),(379,'Incident queue management evening','Closed',NULL,159,NULL,3,13);
/*!40000 ALTER TABLE `shift_key_point` ENABLE KEYS */;
UNLOCK TABLES;

--
-- Dumping data for table `shift_key_point_update`
--

LOCK TABLES `shift_key_point_update` WRITE;
/*!40000 ALTER TABLE `shift_key_point_update` DISABLE KEYS */;
INSERT INTO `shift_key_point_update` (`id`, `key_point_id`, `update_text`, `update_date`, `updated_by`) VALUES (1,184,'Status changed from \'In Progress\' to \'Closed\' by ctctestuser. Task has been completed successfully','2025-12-04','ctctestuser'),(2,201,'Status changed from \'In Progress\' to \'Closed\' by ctctestuser. Task has been completed successfully','2025-12-04','ctctestuser'),(3,180,'Status changed from \'In Progress\' to \'Closed\' by ctctestuser. Task has been completed successfully','2025-12-04','ctctestuser'),(4,185,'Status changed from \'In Progress\' to \'Closed\' by ctctestuser. Task has been completed successfully','2025-12-04','ctctestuser'),(5,186,'Status changed from \'In Progress\' to \'Closed\' by ctctestuser. Task has been completed successfully','2025-12-04','ctctestuser'),(6,200,'Status changed from \'In Progress\' to \'Closed\' by ctctestuser. Task has been completed successfully','2025-12-04','ctctestuser'),(7,247,'team i had discussed with dev ','2025-12-05','techopsuser1'),(8,203,'Status changed from \'In Progress\' to \'Closed\' by ctctestuser. Task has been completed successfully','2025-12-05','ctctestuser'),(9,234,'Status changed from \'In Progress\' to \'Closed\' by ctctestuser. Task has been completed successfully','2025-12-05','ctctestuser'),(10,182,'Status changed from \'In Progress\' to \'Closed\' by ctctestuser. Task has been completed successfully','2025-12-05','ctctestuser'),(11,220,'Status changed from \'In Progress\' to \'Closed\' by ctctestuser. Task has been completed successfully','2025-12-05','ctctestuser'),(12,221,'Status changed from \'In Progress\' to \'Closed\' by ctctestuser. Task has been completed successfully','2025-12-05','ctctestuser'),(13,227,'Status changed from \'In Progress\' to \'Closed\' by ctctestuser. Task has been completed successfully','2025-12-05','ctctestuser'),(14,230,'Status changed from \'In Progress\' to \'Closed\' by ctctestuser. Task has been completed successfully','2025-12-05','ctctestuser'),(15,225,'Status changed from \'In Progress\' to \'Closed\' by ctctestuser. Task has been completed successfully','2025-12-08','ctctestuser'),(16,219,'Status changed from \'In Progress\' to \'Closed\' by ctctestuser. Task has been completed successfully','2025-12-08','ctctestuser'),(17,224,'Status changed from \'In Progress\' to \'Closed\' by ctctestuser. Task has been completed successfully','2025-12-08','ctctestuser');
/*!40000 ALTER TABLE `shift_key_point_update` ENABLE KEYS */;
UNLOCK TABLES;

--
-- Dumping data for table `incident`
--

LOCK TABLES `incident` WRITE;
/*!40000 ALTER TABLE `incident` DISABLE KEYS */;
INSERT INTO `incident` (`id`, `title`, `status`, `priority`, `handover`, `shift_id`, `type`, `account_id`, `team_id`, `description`, `assigned_to`, `escalated_to`, `created_at`, `updated_at`) VALUES (61,'TASK1823273','Closed','Medium',NULL,23,'Closed',3,12,'closed complete',NULL,NULL,'2025-11-21 16:15:04','2025-11-21 16:15:04'),(62,'INC5396730','Closed','Medium',NULL,23,'Closed',3,12,'closed complete',NULL,NULL,'2025-11-21 16:15:04','2025-11-21 16:15:04'),(63,'TASK1822173','Closed','Medium',NULL,23,'Closed',3,12,'closed complete',NULL,NULL,'2025-11-21 16:15:04','2025-11-21 16:15:04'),(64,'SNOW-1 - TESTINC28','Active','Low',NULL,30,'Open',1,2,'','',NULL,'2025-11-24 10:19:35','2025-11-24 10:19:35'),(65,'SNOW-2 - INCCLOSE12','Closed','Medium',NULL,30,'Closed',1,2,'',NULL,NULL,'2025-11-24 10:19:35','2025-11-24 10:19:35'),(66,'App-3 - TESTINC68','Active','High',NULL,30,'Priority',1,2,'',NULL,'TeamEsc','2025-11-24 10:19:35','2025-11-24 10:19:35'),(67,'App-4 - TESTINC58','Monitoring','Medium','',30,'Handover',1,2,'','',NULL,'2025-11-24 10:19:35','2025-11-24 10:19:35'),(68,'App-5 - TESTINC68','Escalated','High',NULL,30,'Escalated',1,2,NULL,NULL,'DevOpsTeam','2025-11-24 10:19:35','2025-11-24 10:19:35'),(69,'App12 - TESTINC123','Active','Low',NULL,34,'Open',1,2,'testing all good','39',NULL,'2025-11-24 10:31:37','2025-11-24 10:31:37'),(70,'ServiceNow - TESTING123','Active','Low',NULL,35,'Open',1,2,'testing another draft','39',NULL,'2025-11-24 10:34:32','2025-11-24 10:34:32'),(71,'ServiceNow1 - INCTESTING','Active','Low',NULL,38,'Open',1,2,'Testing the draft version','39',NULL,'2025-11-24 10:37:34','2025-11-24 10:37:34'),(72,'ServiceNow2 - INCTESTING2','Active','Low',NULL,39,'Open',1,2,'Testing the draft issue','39',NULL,'2025-11-24 10:42:49','2025-11-24 10:42:49'),(73,'ServiceNow3 - INCTESTING3','Active','Low',NULL,40,'Open',1,2,'test','39',NULL,'2025-11-24 10:48:34','2025-11-24 10:48:34'),(76,'ServiceNow5 - INCTESTING5','Active','Low',NULL,43,'Open',1,2,'','',NULL,'2025-11-24 11:50:42','2025-11-24 11:50:42'),(77,'[ServiceNow5] INCTESTING5','Open','Low','',42,'Open',1,2,NULL,NULL,NULL,'2025-11-24 12:05:57','2025-11-24 12:05:57'),(78,'[ServiceNow4] INCTESTING4','Open','Low','',41,'Open',1,2,NULL,NULL,NULL,'2025-11-24 12:06:17','2025-11-24 12:06:17'),(80,'[ServiceNow6] TESTINC66','Open','Medium','',44,'Open',1,2,NULL,'39',NULL,'2025-11-24 12:27:00','2025-11-24 12:27:00'),(95,'TASK1823893','Closed','Medium',NULL,52,'Closed',3,12,'Closed Completed',NULL,NULL,'2025-11-24 15:41:27','2025-11-24 15:41:27'),(96,'INC5402809','Closed','Medium',NULL,52,'Closed',3,12,'Closed Completed',NULL,NULL,'2025-11-24 15:41:27','2025-11-24 15:41:27'),(97,'INC5402810','Closed','Medium',NULL,52,'Closed',3,12,'Closed Completed',NULL,NULL,'2025-11-24 15:41:27','2025-11-24 15:41:27'),(98,'TASK1823893','Closed','Medium',NULL,52,'Closed',3,12,'Closed Completed',NULL,NULL,'2025-11-24 15:41:27','2025-11-24 15:41:27'),(103,'[ServiceNow14] TESTING114','Open','Low','testing ho 14',53,'Open',1,2,NULL,'39',NULL,'2025-11-24 16:38:01','2025-11-24 16:38:01'),(104,'[ServiceNowClose14] TESTINC123144','Closed','Medium','closed as per 14 kb',53,'Closed',1,2,NULL,NULL,NULL,'2025-11-24 16:38:01','2025-11-24 16:38:01'),(110,'[SNOW-15] INCTEST15','Open','Low','testing HO test15',54,'Open',1,2,NULL,'39',NULL,'2025-11-24 16:59:37','2025-11-24 16:59:37'),(111,'[SNOW-15] INCCLOSE1215','Closed','Medium','closed as per the KB 15',54,'Closed',1,2,NULL,NULL,NULL,'2025-11-24 16:59:37','2025-11-24 16:59:37'),(112,'[App-155] TESTINC1122','Open','High','testing as per the ho 155',54,'Priority',1,2,NULL,NULL,NULL,'2025-11-24 16:59:37','2025-11-24 16:59:37'),(113,'[App-145] TESTINC15421','Pending Vendor','Medium','testing ho incidnets 15',54,'Handover',1,2,NULL,NULL,NULL,'2025-11-24 16:59:37','2025-11-24 16:59:37'),(114,'[App-5] TESTIC12211454','Escalated','High','Escalation Level: L2\nEscalated To: \nReason: \nStatus: ',54,'Escalated',1,2,NULL,NULL,NULL,'2025-11-24 16:59:37','2025-11-24 16:59:37'),(120,'[SNOW-15] INCTEST151','Open','Low','fdgfhdsh',55,'Open',1,2,NULL,'39',NULL,'2025-11-24 17:25:18','2025-11-24 17:25:18'),(121,'[SNOW-15] INCCLOSE12151','Closed','Medium','fgdahfdah',55,'Closed',1,2,NULL,NULL,NULL,'2025-11-24 17:25:18','2025-11-24 17:25:18'),(122,'[App-155] TESTINC11221','Open','High','fdgadhfdhdah',55,'Priority',1,2,NULL,NULL,NULL,'2025-11-24 17:25:18','2025-11-24 17:25:18'),(123,'[App-145] TESTINC154211','Monitoring','Medium','dgagdfadg',55,'Handover',1,2,NULL,'39',NULL,'2025-11-24 17:25:18','2025-11-24 17:25:18'),(124,'[App-5] TESTIC122114','Escalated','High','Escalation Level: L2\nEscalated To: DevOpsTeam1\nReason: agdag\nStatus: afgfgag',55,'Escalated',1,2,NULL,'DevOpsTeam1',NULL,'2025-11-24 17:25:18','2025-11-24 17:25:18'),(130,'[SNOW-16] INCTEST1511','Open','Low','dsagfgsaf',56,'Open',1,2,NULL,'39',NULL,'2025-11-24 17:41:37','2025-11-24 17:41:37'),(131,'[SNOW-16] INCCLOSE121516','Closed','Medium','adfgagag',56,'Closed',1,2,NULL,NULL,NULL,'2025-11-24 17:41:37','2025-11-24 17:41:37'),(132,'[App-156] TESTINC11226','Open','High','gafdgadfgadg',56,'Priority',1,2,NULL,NULL,NULL,'2025-11-24 17:41:37','2025-11-24 17:41:37'),(148,'[SNOW-17] INCTEST1517','Open','Low','asd;gf;g;gfk;fkg;agadgbf',59,'Open',1,2,NULL,NULL,NULL,'2025-11-24 17:59:00','2025-11-24 17:59:00'),(149,'[SNOW-17] INCTEST1517','Open','Low','asd;gf;g;gfk;fkg;agadgbf',59,'Open',1,2,NULL,NULL,NULL,'2025-11-24 17:59:00','2025-11-24 17:59:00'),(150,'[SNOW-17] INCCLOSE12117','Closed','Medium','asdgagdfghfghddg',59,'Closed',1,2,NULL,NULL,NULL,'2025-11-24 17:59:00','2025-11-24 17:59:00'),(151,'[SNOW-17] INCCLOSE12117','Closed','Medium','asdgagdfghfghddg',59,'Closed',1,2,NULL,NULL,NULL,'2025-11-24 17:59:00','2025-11-24 17:59:00'),(152,'[App-157] TESTINC11277','Open','High','dsagGfdhgbadhgba',59,'Priority',1,2,NULL,NULL,NULL,'2025-11-24 17:59:00','2025-11-24 17:59:00'),(153,'[App-157] TESTINC11277','Open','High','dsagGfdhgbadhgba',59,'Priority',1,2,NULL,NULL,NULL,'2025-11-24 17:59:00','2025-11-24 17:59:00'),(154,'[App-147] TESTINC117','Monitoring','Medium','dsgzgbhafhbdfh',59,'Handover',1,2,NULL,NULL,NULL,'2025-11-24 17:59:00','2025-11-24 17:59:00'),(155,'[App-147] TESTINC117','Monitoring','Medium','dsgzgbhafhbdfh',59,'Handover',1,2,NULL,NULL,NULL,'2025-11-24 17:59:00','2025-11-24 17:59:00'),(156,'[App-1177] TESTIC12277','fdsgfdaghbsfhnbs','High','Escalation Level: L2\nEscalated To: \nReason: asdgfagagafggb`\nStatus: fdsgfdaghbsfhnbs',59,'Escalated',1,2,'asdgfagagafggb`',NULL,'','2025-11-24 17:59:00','2025-11-24 17:59:00'),(157,'[App-1177] TESTIC12277','fdsgfdaghbsfhnbs','High','Escalation Level: L2\nEscalated To: \nReason: asdgfagagafggb`\nStatus: fdsgfdaghbsfhnbs',59,'Escalated',1,2,'asdgfagagafggb`',NULL,'','2025-11-24 17:59:00','2025-11-24 17:59:00'),(158,'[SNOW-17] INCTEST1517','Open','Low','asd;gf;g;gfk;fkg;agadgbf',58,'Open',1,2,NULL,'39',NULL,'2025-11-24 17:59:06','2025-11-24 17:59:06'),(159,'[SNOW-17] INCCLOSE12117','Closed','Medium','asdgagdfghfghddg',58,'Closed',1,2,NULL,NULL,NULL,'2025-11-24 17:59:06','2025-11-24 17:59:06'),(160,'[App-157] TESTINC11277','Open','High','dsagGfdhgbadhgba',58,'Priority',1,2,NULL,NULL,NULL,'2025-11-24 17:59:06','2025-11-24 17:59:06'),(161,'[App-147] TESTINC117','Monitoring','Medium','dsgzgbhafhbdfh',58,'Handover',1,2,NULL,NULL,NULL,'2025-11-24 17:59:06','2025-11-24 17:59:06'),(162,'[ServiceNow7] TESTINC77','Open','Low','Added another HO descirpitons ',45,'Open',1,2,NULL,'39',NULL,'2025-11-24 17:59:11','2025-11-24 17:59:11'),(163,'[SNOW-17] INCTEST1517','Open','Low','asd;gf;g;gfk;fkg;agadgbf',57,'Open',1,2,NULL,'39',NULL,'2025-11-24 17:59:16','2025-11-24 17:59:16'),(164,'[ServiceNow8] TESTING88','Open','Low','HO testing ',46,'Open',1,2,NULL,'39',NULL,'2025-11-24 17:59:22','2025-11-24 17:59:22'),(165,'[ServiceNow10] TESTING10','Open','Low','testing ho 10',48,'Open',1,2,NULL,'39',NULL,'2025-11-24 17:59:27','2025-11-24 17:59:27'),(166,'[ServiceNow9] TESTING99','Open','Low','testing ho ',47,'Open',1,2,NULL,'39',NULL,'2025-11-24 17:59:33','2025-11-24 17:59:33'),(167,'[ServiceNow11] TESTING11','Open','Low','testing HO 11 secondtime',49,'Open',1,2,NULL,'39',NULL,'2025-11-24 17:59:44','2025-11-24 17:59:44'),(168,'[ServiceNow12] TESTING123','Open','Medium','',50,'Open',1,2,NULL,NULL,NULL,'2025-11-24 17:59:50','2025-11-24 17:59:50'),(169,'[ServiceNow13] TESTING113','Open','Low','testing HO draft 13 nice can see after draft ',51,'Open',1,2,NULL,'39',NULL,'2025-11-24 17:59:55','2025-11-24 17:59:55'),(170,'[ServiceNowClose2] TESTINC12314','Closed','Medium','closing as per KB',51,'Closed',1,2,NULL,NULL,NULL,'2025-11-24 17:59:55','2025-11-24 17:59:55'),(181,'[HOService-1] TESTINC188','Open','Low','testing anldjasgjfgljdfg',60,'Open',1,2,NULL,NULL,NULL,'2025-11-24 18:03:49','2025-11-24 18:03:49'),(182,'[HOService-1] TESTINC188','Open','Low','testing anldjasgjfgljdfg',60,'Open',1,2,NULL,NULL,NULL,'2025-11-24 18:03:49','2025-11-24 18:03:49'),(183,'[HOService-2] TEST121888','Closed','Medium','agfgdfhgfahb',60,'Closed',1,2,NULL,NULL,NULL,'2025-11-24 18:03:49','2025-11-24 18:03:49'),(184,'[HOService-2] TEST121888','Closed','Medium','agfgdfhgfahb',60,'Closed',1,2,NULL,NULL,NULL,'2025-11-24 18:03:49','2025-11-24 18:03:49'),(185,'[HOService-3] TEST12111A','Open','High','asdfgagdfgdag',60,'Priority',1,2,NULL,NULL,NULL,'2025-11-24 18:03:49','2025-11-24 18:03:49'),(186,'[HOService-3] TEST12111A','Open','High','asdfgagdfgdag',60,'Priority',1,2,NULL,NULL,NULL,'2025-11-24 18:03:49','2025-11-24 18:03:49'),(187,'[HOService-4] TESIII112','Monitoring','Medium','asdgagffdg',60,'Handover',1,2,NULL,NULL,NULL,'2025-11-24 18:03:49','2025-11-24 18:03:49'),(188,'[HOService-4] TESIII112','Monitoring','Medium','asdgagffdg',60,'Handover',1,2,NULL,NULL,NULL,'2025-11-24 18:03:49','2025-11-24 18:03:49'),(189,'[HOService-5] TESTINN1218','sfgbhfgbsfhsfghn','High','Escalation Level: L2\nEscalated To: \nReason: gafgfdaggf\nStatus: sfgbhfgbsfhsfghn',60,'Escalated',1,2,'gafgfdaggf',NULL,'','2025-11-24 18:03:49','2025-11-24 18:03:49'),(190,'[HOService-5] TESTINN1218','sfgbhfgbsfhsfghn','High','Escalation Level: L2\nEscalated To: \nReason: gafgfdaggf\nStatus: sfgbhfgbsfhsfghn',60,'Escalated',1,2,'gafgfdaggf',NULL,'','2025-11-24 18:03:49','2025-11-24 18:03:49'),(191,'HOService-12 - TESTINC189','Active','Low',NULL,61,'Open',1,2,'dagdfagfdhafdhfdh','39',NULL,'2025-11-24 18:16:14','2025-11-24 18:16:14'),(192,'HOService-22 - TEST121889','Closed','Medium',NULL,61,'Closed',1,2,'dgafdgafdgafdg',NULL,NULL,'2025-11-24 18:16:14','2025-11-24 18:16:14'),(193,'HOService-32 - TEST121119','Active','High',NULL,61,'Priority',1,2,'dsagdfagfgafdh',NULL,'TeamEsc19','2025-11-24 18:16:14','2025-11-24 18:16:14'),(194,'HOService-42 - TESIII1129','Monitoring','Medium','agdadfgdfg',61,'Handover',1,2,'agdadfgdfg','39',NULL,'2025-11-24 18:16:14','2025-11-24 18:16:14'),(195,'HOService-52 - TESTINN1219','adgfdagd','High',NULL,61,'Escalated',1,2,'adgafdgfdhg',NULL,'DevOpsTeam19','2025-11-24 18:16:14','2025-11-24 18:16:14'),(196,'HOService-13 - TESTINC1891','Active','Low',NULL,62,'Open',1,2,'gfdgagfdghfgf','36',NULL,'2025-11-24 18:28:08','2025-11-24 18:28:08'),(197,'HOService-23 - TEST1218891','Closed','Medium',NULL,62,'Closed',1,2,'dgafdgdahgghg',NULL,NULL,'2025-11-24 18:28:08','2025-11-24 18:28:08'),(198,'HOService-33 - TEST121120','Active','High',NULL,62,'Priority',1,2,'agvfadgbfdhbahbfg',NULL,'TeamEsc20','2025-11-24 18:28:08','2025-11-24 18:28:08'),(199,'HOService-43 - TESIII1123','Monitoring','Medium','agfdgvfdagb',62,'Handover',1,2,'agfdgvfdagb','36',NULL,'2025-11-24 18:28:08','2025-11-24 18:28:08'),(200,'HOService-53 - TESTINN1220','sbghfdhsgbn','High',NULL,62,'Escalated',1,2,'adsfgdgfdhgb',NULL,'DevOpsTeam20','2025-11-24 18:28:08','2025-11-24 18:28:08'),(201,'HOService-14 - TESTINC18914','Active','Low',NULL,63,'Open',1,2,'dsgfaghfdhg','37',NULL,'2025-11-24 18:34:52','2025-11-24 18:34:52'),(202,'HOService-24 - TEST1218844','Closed','Medium',NULL,63,'Closed',1,2,'dsagdgdfahgdfhg',NULL,NULL,'2025-11-24 18:34:53','2025-11-24 18:34:53'),(203,'HOService-34 - TEST121144','Active','High',NULL,63,'Priority',1,2,'dsaggfdaggf',NULL,'TeamEsc20','2025-11-24 18:34:53','2025-11-24 18:34:53'),(204,'HOService-44 - TESIII11244','Monitoring','Medium','asdgfdghbadg',63,'Handover',1,2,'asdgfdghbadg','37',NULL,'2025-11-24 18:34:53','2025-11-24 18:34:53'),(205,'HOService-54 - TESTINN1244','zsfxgagfgd','High',NULL,63,'Escalated',1,2,'fdgdfggfdg',NULL,'DevOpsTeam20','2025-11-24 18:34:53','2025-11-24 18:34:53'),(206,'HOService-15 - TESTINC18915','Active','Low',NULL,64,'Open',1,2,'gadgf','37',NULL,'2025-11-24 18:40:34','2025-11-24 18:40:34'),(207,'HOService-25 - TEST1218855','Closed','Medium',NULL,64,'Closed',1,2,'dsagfghdfh',NULL,NULL,'2025-11-24 18:40:34','2025-11-24 18:40:34'),(208,'HOService-35 - TEST121155','Active','High',NULL,64,'Priority',1,2,'adsgadfgg',NULL,'TeamEsc20','2025-11-24 18:40:34','2025-11-24 18:40:34'),(209,'HOService-55 - TESIII11255','Monitoring','Medium','adfgfdghdfgh',64,'Handover',1,2,'adfgfdghdfgh','37',NULL,'2025-11-24 18:40:34','2025-11-24 18:40:34'),(210,'HOService-55 - TESTINN155','dfgbfdahgb','High',NULL,64,'Escalated',1,2,'adsgga',NULL,'DevOpsTeam20','2025-11-24 18:40:34','2025-11-24 18:40:34'),(211,'HOService-16 - TESTINC18916','Active','Low',NULL,65,'Open',1,2,'FDGGDAGHGF','37',NULL,'2025-11-24 18:49:57','2025-11-24 18:49:57'),(212,'HOService-26 - TEST1218866','Closed','Medium',NULL,65,'Closed',1,2,'GDFAGDGF',NULL,NULL,'2025-11-24 18:49:57','2025-11-24 18:49:57'),(213,'HOService-36 - TEST121166','Active','High',NULL,65,'Priority',1,2,'FDGDAFGHDFGH',NULL,'TeamEsc20','2025-11-24 18:49:57','2025-11-24 18:49:57'),(214,'HOService-56 - TESIII11266','Monitoring','Medium','DGAFDGAGFDGFFD',65,'Handover',1,2,'DGAFDGAGFDGFFD','37',NULL,'2025-11-24 18:49:57','2025-11-24 18:49:57'),(215,'HOService-66 - TESTINN188','SFDGHDFGHAFHA','High',NULL,65,'Escalated',1,2,'ASDGADFGFDGDA',NULL,'DevOpsTeam20','2025-11-24 18:49:57','2025-11-24 18:49:57'),(216,'HOService-17 - TESTINC18917','Active','Low',NULL,66,'Open',1,2,'GFADGSDGHSFDGHFDDF','37',NULL,'2025-11-24 18:54:57','2025-11-24 18:54:57'),(217,'HOService-27 - TEST1218877','Closed','Medium',NULL,66,'Closed',1,2,'CGVFGDGASFDHSFD',NULL,NULL,'2025-11-24 18:54:57','2025-11-24 18:54:57'),(218,'HOService-37 - TEST121177','Active','High',NULL,66,'Priority',1,2,'GAFDGAGGF',NULL,'TeamEsc20','2025-11-24 18:54:57','2025-11-24 18:54:57'),(219,'HOService-57 - TESIII11277','Monitoring','Medium','GASDGADFGGFDG',66,'Handover',1,2,'GASDGADFGGFDG','37',NULL,'2025-11-24 18:54:57','2025-11-24 18:54:57'),(220,'HOService-77 - TESTINN177','FDGHAHGHFD','High',NULL,66,'Escalated',1,2,'AGFGFADFGDAG',NULL,'DevOpsTeam20','2025-11-24 18:54:57','2025-11-24 18:54:57'),(221,'ServiceNow-20 - TESTINC2025','Active','Low',NULL,71,'Open',1,2,'ASDGADGSAGFAG','39',NULL,'2025-11-24 19:33:22','2025-11-24 19:33:22'),(222,'ServiceNow-21 - TESTINCCLOSE23','Closed','Medium',NULL,71,'Closed',1,2,'ASDGFAGA',NULL,NULL,'2025-11-24 19:33:22','2025-11-24 19:33:22'),(223,'ServiceNow-22 - TESTINCPRI','Active','High',NULL,71,'Priority',1,2,'ADSGFAFGGFDFDG',NULL,'TeamEsc1','2025-11-24 19:33:22','2025-11-24 19:33:22'),(224,'ServiceNow-23 - TESTINCHO12','Monitoring','Medium','FDSGADFGFDHGFD',71,'Handover',1,2,'FDSGADFGFDHGFD','39',NULL,'2025-11-24 19:33:22','2025-11-24 19:33:22'),(225,'ServiceNow-24 - TESTESC112','DFGADFGAFDGH','High',NULL,71,'Escalated',1,2,'ADSGDFGFAD',NULL,'DSAFG','2025-11-24 19:33:22','2025-11-24 19:33:22'),(226,'[ESP Jobs] INC5405530','Closed','Medium','URM001DM(53485) URM001DM.2570 1---Job force complete',74,'Closed',3,12,NULL,NULL,NULL,'2025-11-25 16:36:15','2025-11-25 16:36:15'),(227,'[ESP Jobs ] INC5405527','Closed','Medium','URM001AL(54390) URM001AL.58323 1 - Job force complete',74,'Closed',3,12,NULL,NULL,NULL,'2025-11-25 16:36:15','2025-11-25 16:36:15'),(228,'[NA] INC5405828','Closed','Medium','Long Wait times observed on DOMP1 | q5lcajsreut01 query result is > 100.0 for 20 minutes on - Long Wait times observed on DOMP1 -  ---Load is normal, no issues found',74,'Closed',3,12,NULL,NULL,NULL,'2025-11-25 16:36:15','2025-11-25 16:36:15'),(229,'INC0121233','Closed','Medium',NULL,76,'Closed',3,12,'Complete',NULL,NULL,'2025-11-26 16:00:31','2025-11-26 16:00:31'),(230,'INC0123456','Closed','Medium',NULL,76,'Closed',3,12,'Complete',NULL,NULL,'2025-11-26 16:00:31','2025-11-26 16:00:31'),(232,'TMS - INC5419395','Closed','Medium',NULL,80,'Closed',3,5,'HTTP Response Code 5xx coming on TMS services',NULL,NULL,'2025-12-03 09:59:13','2025-12-03 09:59:13'),(233,'DOM - INC5419465','Escalated','High',NULL,80,'Escalated',3,5,'Out of scope',NULL,'DOM L3','2025-12-03 09:59:13','2025-12-03 09:59:13'),(234,'ServiceNow - TESTINC','Active','Low',NULL,81,'Open',1,2,'test','',NULL,'2025-12-03 10:02:37','2025-12-03 10:02:37'),(235,'DOM - INC5414685','Escalated','High',NULL,82,'Escalated',3,5,'Out of Scope',NULL,'DOM L3','2025-12-03 18:38:01','2025-12-03 18:38:01'),(236,'DOM - INC5420957','Escalated','High',NULL,83,'Escalated',3,5,'Out of scope',NULL,'SC | App - Distributed Order Management (DOM)  L3 Support','2025-12-04 08:54:44','2025-12-04 08:54:44'),(237,'DOM - INC5421005','Escalated','High',NULL,83,'Escalated',3,5,'Out of scope',NULL,'SC | App - Distributed Order Management (DOM)  L3 Support','2025-12-04 08:54:44','2025-12-04 08:54:44'),(238,'JDA - INC5421061','Escalated','High',NULL,83,'Escalated',3,5,'Server is not maintained by L2 Team',NULL,'EIS-Windows and Citrix ','2025-12-04 08:54:44','2025-12-04 08:54:44'),(239,'JDA - INC5421059','Escalated','High',NULL,83,'Escalated',3,5,'Server is not maintained by L2 Team',NULL,'EIS-Windows and Citrix ','2025-12-04 08:54:44','2025-12-04 08:54:44'),(240,'DOM - INC5415967','Closed','Medium',NULL,84,'Closed',3,5,'Validated server health check on DOM and Upon confirmation from service desk as issue is fixed.',NULL,NULL,'2025-12-04 10:36:34','2025-12-04 10:36:34'),(241,'Manhattan Labour Management System Calgary EAP - INC5415935','Closed','Medium',NULL,84,'Closed',3,5,'Able to access server and cpu is also fine and alert is cleared hence closing ticket(PRD205)',NULL,NULL,'2025-12-04 10:36:34','2025-12-04 10:36:34'),(242,'Tire gantry bolton - INC5416028','Closed','Medium',NULL,86,'Closed',3,5,'Services are up and running, alerts are due to server reboot as part of incident INC5416028',NULL,NULL,'2025-12-04 11:14:45','2025-12-04 11:14:45'),(243,'Kronos - INC5417230','Closed','Medium',NULL,86,'Closed',3,5,'Requested console to rerun the job since it was failed. Now the job is now complete.',NULL,NULL,'2025-12-04 11:14:45','2025-12-04 11:14:45'),(244,'AGV Bolton - INC5417305','Closed','Medium',NULL,86,'Closed',3,5,'CPU utilization has been reduced, alert has been closed. Hence closing this incident.',NULL,NULL,'2025-12-04 11:14:45','2025-12-04 11:14:45'),(245,'Autostore - INC5416985','Closed','Medium',NULL,86,'Closed',3,5,'Closing this incident as it is a false alert, we are checking with NR team since all the Autostore services are up and running.',NULL,NULL,'2025-12-04 11:14:45','2025-12-04 11:14:45'),(246,'DOM - INC5417432','Closed','Medium',NULL,86,'Closed',3,5,'We found the order number',NULL,NULL,'2025-12-04 11:14:45','2025-12-04 11:14:45'),(247,'Dom - INC5416596','Escalated','High',NULL,86,'Escalated',3,5,'Out of scope',NULL,'Dom L3','2025-12-04 11:14:45','2025-12-04 11:14:45'),(248,'Dom - INC5416573','Escalated','High',NULL,86,'Escalated',3,5,'Out of scope',NULL,'Dom L3','2025-12-04 11:14:45','2025-12-04 11:14:45'),(249,'Dom - INC5416717','Escalated','High',NULL,86,'Escalated',3,5,'Out of scope',NULL,'Dom L3','2025-12-04 11:14:45','2025-12-04 11:14:45'),(250,'Dom - INC5417041','Escalated','High',NULL,86,'Escalated',3,5,'Out of scope',NULL,'Dom L3','2025-12-04 11:14:45','2025-12-04 11:14:45'),(251,'DOM - INC5412431','Escalated','High',NULL,86,'Escalated',3,5,'Out of scope',NULL,'Dom L3','2025-12-04 11:14:45','2025-12-04 11:14:45'),(252,'Dom - INC5417140','Escalated','High',NULL,86,'Escalated',3,5,'Out of scope',NULL,'Dom L3','2025-12-04 11:14:45','2025-12-04 11:14:45'),(253,'Dom  - INC5417252','Escalated','High',NULL,86,'Escalated',3,5,'Out of scope',NULL,'Dom L3','2025-12-04 11:14:45','2025-12-04 11:14:45'),(254,'Dom  - INC5416938','Escalated','High',NULL,86,'Escalated',3,5,'Out of scope',NULL,'Dom L3','2025-12-04 11:14:45','2025-12-04 11:14:45'),(255,'DOM - INC5417538','Closed','Medium',NULL,87,'Closed',3,5,'Order No\'s for given UPC\'s\r\n627555856328 - 5045014308,5045204398,5044590822\r\n627555856335 - 5044590822',NULL,NULL,'2025-12-04 11:18:12','2025-12-04 11:18:12'),(256,'RPA - INC5417636','Closed','Medium',NULL,87,'Closed',3,5,'leanUpAccuracyCheckExemptionRecord Job started on 1st December & also purging completed',NULL,NULL,'2025-12-04 11:18:12','2025-12-04 11:18:12'),(257,'Manhattan Labour Management System Calgary EAP - INC5417765','Closed','Medium',NULL,88,'Closed',3,5,'Server is up and running and cpu is normal',NULL,NULL,'2025-12-04 11:24:01','2025-12-04 11:24:01'),(258,'Manhattan Labour Management System Calgary EAP - INC5417766','Closed','Medium',NULL,88,'Closed',3,5,'Server is up and running and cpu is normal and everything is fine hence closing ticket',NULL,NULL,'2025-12-04 11:24:01','2025-12-04 11:24:01'),(259,'Manhattan Labour Management System Vaughan EAP - INC5417768','Closed','Medium',NULL,88,'Closed',3,5,'Server is up and running and cpu is normal and alert is cleared hence closing ticket',NULL,NULL,'2025-12-04 11:24:01','2025-12-04 11:24:01'),(260,'Manhattan Labour Management System Vaughan EAP - INC5417824','Closed','Medium',NULL,88,'Closed',3,5,'Server is up and running and cpu is normal',NULL,NULL,'2025-12-04 11:24:01','2025-12-04 11:24:01'),(261,'Vocollect - Airport - INC5417778','Closed','Medium',NULL,88,'Closed',3,5,'Verified application and services on Prd223 server. All looks good.Proceeding with closure',NULL,NULL,'2025-12-04 11:24:01','2025-12-04 11:24:01'),(262,'DOM - INC5418680','Closed','Medium',NULL,89,'Closed',3,5,'DIrty node cleanup FGL',NULL,NULL,'2025-12-04 11:34:48','2025-12-04 11:34:48'),(263,'DOM - INC5418678','Closed','Medium',NULL,89,'Closed',3,5,'DIrty node cleanup marks',NULL,NULL,'2025-12-04 11:34:48','2025-12-04 11:34:48'),(264,'DOM - INC5419031','Closed','Medium',NULL,89,'Closed',3,5,'We found the order number and delivered it to the store',NULL,NULL,'2025-12-04 11:34:48','2025-12-04 11:34:48'),(265,'DOM - INC5419098','Closed','Medium',NULL,89,'Closed',3,5,'We found the order number and delivered it to the store',NULL,NULL,'2025-12-04 11:34:48','2025-12-04 11:34:48'),(266,'Label View - INC5418950','Closed','Medium',NULL,89,'Closed',3,5,'It was the false alert the service was up and running .We sent out an email for the same.',NULL,NULL,'2025-12-04 11:34:48','2025-12-04 11:34:48'),(267,'Autostore - Calgary - CTR - INC5418919','Closed','Medium',NULL,89,'Closed',3,5,'We are checking with new relic team - email subject - Incident INC5416985 has been assigned to Supply Chain - L2 - EPAM, this seems to be a false alert, verified all the services are up and running. Alert which generated yesterday has been closed now. Hence closing the incident',NULL,NULL,'2025-12-04 11:34:48','2025-12-04 11:34:48'),(268,'AGV - AJ - INC5419108','Closed','Medium',NULL,89,'Closed',3,5,'We verified it the services are up and running but for some time it was down due to some thread being stopped or shutdown after few minutes the thread got restarted and services got up and the NR alert is also closed after it.Hence we are closing the ticket.',NULL,NULL,'2025-12-04 11:34:48','2025-12-04 11:34:48'),(269,'OTM - Oracle Transportation Managemen - INC5419310','Closed','Medium',NULL,89,'Closed',3,5,'Verified all the the pods are healthy for TSS and this is a known business exception which is currently investigated in PRB0056472. Hence closing the incident since no action is required from our end.',NULL,NULL,'2025-12-04 11:34:48','2025-12-04 11:34:48'),(270,'Dom - INC5416596','Monitoring','Medium','',89,'Handover',3,5,'','',NULL,'2025-12-04 11:34:48','2025-12-04 11:34:48'),(271,'Dom - INC5418722','Escalated','High',NULL,89,'Escalated',3,5,'Out of scope',NULL,'Dom L3','2025-12-04 11:34:48','2025-12-04 11:34:48'),(272,'Enterprise Shipment Service - INC5419582','Closed','Medium',NULL,90,'Closed',3,5,'Verified the response code for TSS & all the responses show as 200',NULL,NULL,'2025-12-04 11:39:57','2025-12-04 11:39:57'),(273,'Kronos - INC5417230','Active','High',NULL,90,'Priority',3,5,'',NULL,'','2025-12-04 11:39:57','2025-12-04 11:39:57'),(274,'Dom - INC5416596','Monitoring','Medium','',90,'Handover',3,5,'','',NULL,'2025-12-04 11:39:57','2025-12-04 11:39:57'),(275,'Dom - INC5419889','Escalated','High',NULL,90,'Escalated',3,5,'Out of scope',NULL,'Dom L3','2025-12-04 11:39:57','2025-12-04 11:39:57'),(276,'DOM - INC5420072','Escalated','High',NULL,90,'Escalated',3,5,'Out of scope',NULL,'Dom L3','2025-12-04 11:39:57','2025-12-04 11:39:57'),(277,'DOM - INC5420314','Closed','Medium',NULL,91,'Closed',3,5,'Dirty node cleanup for marks',NULL,NULL,'2025-12-04 11:45:50','2025-12-04 11:45:50'),(278,'DOM - INC5420309','Closed','Medium',NULL,91,'Closed',3,5,'Dirty node cleanup for FGl',NULL,NULL,'2025-12-04 11:45:50','2025-12-04 11:45:50'),(279,'DOM - INC5420072','Closed','Medium',NULL,91,'Closed',3,5,'we found the order number',NULL,NULL,'2025-12-04 11:45:50','2025-12-04 11:45:50'),(280,'Yardsmart - INC5420590','Closed','Medium',NULL,91,'Closed',3,5,'Shadow job failed since UYSPI010 job is not completed. once the job is completed, UYSSHA10(6848) UISCP280.2835 1 is completed',NULL,NULL,'2025-12-04 11:45:50','2025-12-04 11:45:50'),(281,'Transportation Order Aggregation Service - INC5420954','Closed','Medium',NULL,91,'Closed',3,5,'we are getting 500 error as in the code level it is configured to timeour the loadsummary API if no response received within 3mins. PRB0056472 ticket has been raised before for this occurrence, Hence closing this incident since no action is required from our end.',NULL,NULL,'2025-12-04 11:45:50','2025-12-04 11:45:50'),(282,'Dom - INC5416596','Monitoring','Medium','',91,'Handover',3,5,'','',NULL,'2025-12-04 11:45:50','2025-12-04 11:45:50'),(283,'Dom - INC5420347','Escalated','High',NULL,91,'Escalated',3,5,'Out of scope',NULL,'Dom L3','2025-12-04 11:45:50','2025-12-04 11:45:50'),(284,'Dom - INC5418908','Escalated','High',NULL,91,'Escalated',3,5,'Out of scope',NULL,'Dom L3','2025-12-04 11:45:50','2025-12-04 11:45:50'),(285,'Dom - INC5420365','Escalated','High',NULL,91,'Escalated',3,5,'Out of scope',NULL,'Dom L3','2025-12-04 11:45:50','2025-12-04 11:45:50'),(286,'TASK1831316','Closed','Medium',NULL,93,'Closed',3,12,'Closed complete',NULL,NULL,'2025-12-04 16:09:30','2025-12-04 16:09:30'),(287,'INC5419229','Closed','Medium',NULL,93,'Closed',3,12,'Closed complete',NULL,NULL,'2025-12-04 16:09:30','2025-12-04 16:09:30'),(288,'INC5419229','Closed','Medium',NULL,93,'Closed',3,12,'closed complete',NULL,NULL,'2025-12-04 16:09:30','2025-12-04 16:09:30'),(289,'INC5421321','Active','Low',NULL,94,'Open',3,5,'','',NULL,'2025-12-04 17:07:16','2025-12-04 17:07:16'),(290,'LM - INC5421324','Closed','Medium',NULL,94,'Closed',3,5,'',NULL,NULL,'2025-12-04 17:07:16','2025-12-04 17:07:16'),(291,'LM - INC5421321','Closed','Medium',NULL,94,'Closed',3,5,'',NULL,NULL,'2025-12-04 17:07:16','2025-12-04 17:07:16'),(292,'ServiceNow - INC12433','Active','Low',NULL,97,'Open',1,2,'testing','',NULL,'2025-12-05 11:40:02','2025-12-05 11:40:02'),(293,'ServiceNow1 - TESTINC123','Active','Low',NULL,98,'Open',1,2,'testing ','',NULL,'2025-12-05 11:41:01','2025-12-05 11:41:01'),(294,'ESP Jobs - INC5422951','Closed','Medium',NULL,99,'Closed',3,12,'UMDMDBKI(21823758) UMDMDBKI.5455 1   --job has been force completed',NULL,NULL,'2025-12-05 14:06:55','2025-12-05 14:06:55'),(295,'FGL - INC5422303','Closed','Medium',NULL,99,'Closed',3,12,'password reset for id keli, db :CMSPRD2 completed',NULL,NULL,'2025-12-05 14:06:55','2025-12-05 14:06:55'),(296,'DOM - INC5422664','Closed','Medium',NULL,100,'Closed',3,5,'Closed as per the KB',NULL,NULL,'2025-12-05 15:26:22','2025-12-05 15:26:22'),(297,'Manhattan Labour Management - INC5422946','Closed','Medium',NULL,101,'Closed',3,5,'CPU is normal, server is up and running hence closing incident ',NULL,NULL,'2025-12-05 18:03:21','2025-12-05 18:03:21'),(298,'Manhattan Labour Management - INC5422947','Closed','Medium',NULL,101,'Closed',3,5,'CPU is normal, server is up and running hence closing incident ',NULL,NULL,'2025-12-05 18:03:21','2025-12-05 18:03:21'),(299,'DOM - INC5423622','Closed','Medium',NULL,103,'Closed',3,5,'Marks Dirty Node Cleanup',NULL,NULL,'2025-12-06 03:16:03','2025-12-06 03:16:03'),(300,'DOM - INC5423620','Closed','Medium',NULL,103,'Closed',3,5,'FGL Dirty Node Cleanup',NULL,NULL,'2025-12-06 03:16:03','2025-12-06 03:16:03'),(301,'Autostroe - INC5423849','Closed','Medium',NULL,103,'Closed',3,5,'',NULL,NULL,'2025-12-06 03:16:03','2025-12-06 03:16:03'),(302,'Autostore - INC5423864','Closed','Medium',NULL,103,'Closed',3,5,'',NULL,NULL,'2025-12-06 03:16:03','2025-12-06 03:16:03'),(303,'AGV  - INC5424053','Closed','Medium',NULL,103,'Closed',3,5,'AGV CPU issue',NULL,NULL,'2025-12-06 03:16:03','2025-12-06 03:16:03'),(304,'DOM - INC5423673','Escalated','High',NULL,103,'Escalated',3,5,'Out of scope for L2',NULL,'SC | App - Distributed Order Management (DOM)  L3 Support','2025-12-06 03:16:03','2025-12-06 03:16:03'),(305,'DOM - INC5423676','Escalated','High',NULL,103,'Escalated',3,5,'Out of Scope',NULL,'SC | App - Distributed Order Management (DOM)  L3 Support','2025-12-06 03:16:03','2025-12-06 03:16:03'),(306,'DOM - INC5423941','Escalated','High',NULL,103,'Escalated',3,5,'Out of scope',NULL,'SC | App - Distributed Order Management (DOM)  L3 Support','2025-12-06 03:16:03','2025-12-06 03:16:03'),(307,'DOM - INC5424133','Escalated','High',NULL,103,'Escalated',3,5,'Out of scope',NULL,'SC | App - Distributed Order Management (DOM)  L3 Support','2025-12-06 03:16:03','2025-12-06 03:16:03'),(308,'LM - INC5424371','Active','Medium',NULL,104,'Open',3,5,'High CPU Utilization % on App AIX host | Signal lost for 30 minutes on - High CPU Utilization % on App AIX host -','',NULL,'2025-12-06 09:53:53','2025-12-06 09:53:53'),(309,'LM - INC5424375','Active','Medium',NULL,104,'Open',3,5,'High CPU Utilization % on App AIX host | Signal lost for 30 minutes on - High CPU Utilization % on App AIX host -','',NULL,'2025-12-06 09:53:53','2025-12-06 09:53:53'),(310,'MLM - INC5424366','Closed','Medium',NULL,104,'Closed',3,5,'The URL is up and working fine.',NULL,NULL,'2025-12-06 09:53:53','2025-12-06 09:53:53'),(311,'MLM - INC5424367','Closed','Medium',NULL,104,'Closed',3,5,'The URL is up and working fine.',NULL,NULL,'2025-12-06 09:53:53','2025-12-06 09:53:53'),(312,'DOM - INC5423715','Escalated','High',NULL,104,'Escalated',3,5,'Out of Scope for Epam L2 team.',NULL,'DOM L3 team','2025-12-06 09:53:53','2025-12-06 09:53:53'),(319,'Autostore - INC5424956','Closed','Medium',NULL,110,'Closed',3,5,'',NULL,NULL,'2025-12-08 06:34:22','2025-12-08 06:34:22'),(320,'Autostore - INC5424950','Closed','Medium',NULL,110,'Closed',3,5,'',NULL,NULL,'2025-12-08 06:34:22','2025-12-08 06:34:22'),(321,'LabelView - INC5424953','Closed','Medium',NULL,110,'Closed',3,5,'',NULL,NULL,'2025-12-08 06:34:22','2025-12-08 06:34:22'),(322,'DOM - INC5424908','Closed','Medium',NULL,110,'Closed',3,5,'',NULL,NULL,'2025-12-08 06:34:22','2025-12-08 06:34:22'),(323,'DOM - INC5424846','Escalated','High',NULL,110,'Escalated',3,5,'Out of scope',NULL,'SC | App - Distributed Order Management (DOM)  L3 Support','2025-12-08 06:34:22','2025-12-08 06:34:22'),(324,'DOM - INC5424859','Escalated','High',NULL,110,'Escalated',3,5,'Out of scope',NULL,'SC | App - Distributed Order Management (DOM)  L3 Support','2025-12-08 06:34:22','2025-12-08 06:34:22'),(325,'MLM-EAP - INC5425309','Closed','Medium',NULL,111,'Closed',3,5,'',NULL,NULL,'2025-12-08 06:42:48','2025-12-08 06:42:48'),(326,'MLM-EAP - INC5425307','Closed','Medium',NULL,111,'Closed',3,5,'',NULL,NULL,'2025-12-08 06:42:48','2025-12-08 06:42:48'),(327,'JDA - INC5425168','Escalated','High',NULL,111,'Escalated',3,5,'Out of scope',NULL,'EIS-Windows and Citrix ','2025-12-08 06:42:48','2025-12-08 06:42:48'),(328,'JDA - INC5425165','Escalated','High',NULL,111,'Escalated',3,5,'Out of scope',NULL,'EIS-Windows and Citrix ','2025-12-08 06:42:48','2025-12-08 06:42:48'),(329,'DOM - INC5425619','Escalated','High',NULL,112,'Escalated',3,5,'out of scope',NULL,'SC | App - Distributed Order Management (DOM)  L3 Support','2025-12-08 06:44:24','2025-12-08 06:44:24'),(330,'DOM - INC5425525','Escalated','High',NULL,112,'Escalated',3,5,'Out of scope',NULL,'SC | App - Distributed Order Management (DOM)  L3 Support','2025-12-08 06:44:24','2025-12-08 06:44:24'),(331,'DOM - INC5425617','Escalated','High',NULL,112,'Escalated',3,5,'Out of scope',NULL,'SC | App - Distributed Order Management (DOM)  L3 Support','2025-12-08 06:44:24','2025-12-08 06:44:24'),(332,'Location Calendar - INC5425825','Closed','Medium',NULL,113,'Closed',3,5,'',NULL,NULL,'2025-12-08 06:46:46','2025-12-08 06:46:46'),(333,'Autostore - INC5425755','Closed','Medium',NULL,113,'Closed',3,5,'',NULL,NULL,'2025-12-08 06:46:46','2025-12-08 06:46:46'),(334,'DOM - INC5425705','Escalated','High',NULL,113,'Escalated',3,5,'Out of scope',NULL,'SC | App - Distributed Order Management (DOM)  L3 Support','2025-12-08 06:46:46','2025-12-08 06:46:46'),(335,'DOM - INC5425657','Escalated','High',NULL,113,'Escalated',3,5,'Out of scope',NULL,'SC | App - Distributed Order Management (DOM)  L3 Support','2025-12-08 06:46:46','2025-12-08 06:46:46'),(336,'DOM - INC5425619','Escalated','High',NULL,113,'Escalated',3,5,'Out of scope',NULL,'SC | App - Distributed Order Management (DOM)  L3 Support','2025-12-08 06:46:46','2025-12-08 06:46:46'),(337,'DOM - INC5425617','Escalated','High',NULL,113,'Escalated',3,5,'Out of scope',NULL,'SC | App - Distributed Order Management (DOM)  L3 Support','2025-12-08 06:46:46','2025-12-08 06:46:46'),(338,'DOM - INC5425525','Escalated','High',NULL,113,'Escalated',3,5,'Out of scope',NULL,'SC | App - Distributed Order Management (DOM)  L3 Support','2025-12-08 06:46:46','2025-12-08 06:46:46'),(343,'SM - INC5425798','Closed','Medium',NULL,117,'Closed',3,5,'',NULL,NULL,'2025-12-08 10:03:57','2025-12-08 10:03:57'),(344,'SM - INC5425996','Closed','Medium',NULL,117,'Closed',3,5,'',NULL,NULL,'2025-12-08 10:03:57','2025-12-08 10:03:57'),(345,'SM - INC5425997','Closed','Medium',NULL,117,'Closed',3,5,'',NULL,NULL,'2025-12-08 10:03:57','2025-12-08 10:03:57'),(346,'AOM - INC5426000','Closed','Medium',NULL,117,'Closed',3,5,'',NULL,NULL,'2025-12-08 10:03:57','2025-12-08 10:03:57'),(347,'INC5425864','Active','Low',NULL,118,'Open',3,12,'Inadequate information, already update the INC','',NULL,'2025-12-08 14:59:11','2025-12-08 14:59:11'),(348,'INC5426014','Closed','Medium',NULL,118,'Closed',3,12,'Closed complete',NULL,NULL,'2025-12-08 14:59:11','2025-12-08 14:59:11'),(349,'INC5426009','Closed','Medium',NULL,118,'Closed',3,12,'Closed complete',NULL,NULL,'2025-12-08 14:59:11','2025-12-08 14:59:11'),(350,'PMM - TASK1834256','Closed','Medium',NULL,119,'Closed',3,12,'User created and the login credentials have been shared with the user via email.',NULL,NULL,'2025-12-08 15:09:25','2025-12-08 15:09:25'),(356,'Tire Gantry Bolton - INC5426195','Closed','Medium',NULL,121,'Closed',3,5,'resolved as per the KB',NULL,NULL,'2025-12-08 16:42:30','2025-12-08 16:42:30'),(357,'Tire Gantry Bolton - INC5426193','Closed','Medium',NULL,121,'Closed',3,5,'resolved as per the KB',NULL,NULL,'2025-12-08 16:42:30','2025-12-08 16:42:30'),(358,'MLM-EAP - INC5426020','Closed','Medium',NULL,121,'Closed',3,5,'',NULL,NULL,'2025-12-08 16:42:30','2025-12-08 16:42:30'),(359,'MLM-EAP - INC5426021','Closed','Medium',NULL,121,'Closed',3,5,'',NULL,NULL,'2025-12-08 16:42:30','2025-12-08 16:42:30'),(360,'DOM - INC5426375','Escalated','High',NULL,121,'Escalated',3,5,'out of scope',NULL,'SC | App - Distributed Order Management (DOM)  L3 Support','2025-12-08 16:42:30','2025-12-08 16:42:30'),(361,'DOM - INC5427627 , INC5427720','Closed','Medium',NULL,122,'Closed',3,5,'Login in issue- this is due to DOM DB  reboot change, Hence closed',NULL,NULL,'2025-12-09 08:58:03','2025-12-09 08:58:03'),(363,'DOM - INC5415949','Closed','Medium',NULL,123,'Closed',3,5,'We checked it and all the servers are up and running and taken the user confirmation as well',NULL,NULL,'2025-12-10 08:34:47','2025-12-10 08:34:47'),(364,'DOM - INC5415929','Closed','Medium',NULL,123,'Closed',3,5,'We checked it and all the servers are up and running and taken the user confirmation as well',NULL,NULL,'2025-12-10 08:34:47','2025-12-10 08:34:47'),(365,'Transportation Order Aggregation Service - INC5427759','Closed','Medium',NULL,123,'Closed',3,5,'calenderjob alert.We checked it and the jobs were completed without any issue also checked the logs we didn\'t find any issue',NULL,NULL,'2025-12-10 08:34:47','2025-12-10 08:34:47'),(366,'Manhattan Labour Management System Calgary EAP - INC5427750','Closed','Medium',NULL,123,'Closed',3,5,'AIX host\r\nWe checked it everything and everything was running up.',NULL,NULL,'2025-12-10 08:34:47','2025-12-10 08:34:47'),(367,'Manhattan Labour Management System Vaugh - INC5427746','Closed','Medium',NULL,123,'Closed',3,5,'AIX host\r\nWe checked it everything and everything was running up.',NULL,NULL,'2025-12-10 08:34:47','2025-12-10 08:34:47'),(368,'Dom - INC5428759','Escalated','High',NULL,123,'Escalated',3,5,'Out of scope',NULL,'Dom L3','2025-12-10 08:34:47','2025-12-10 08:34:47'),(369,'Dom - INC5424664','Escalated','High',NULL,123,'Escalated',3,5,'Out of scope',NULL,'Dom L3','2025-12-10 08:34:47','2025-12-10 08:34:47'),(370,'Dom - INC5428754','Escalated','High',NULL,123,'Escalated',3,5,'Out of scope',NULL,'Dom L3','2025-12-10 08:34:47','2025-12-10 08:34:47'),(371,'INC5425864','Active','Low',NULL,124,'Open',3,12,'INCIDENT has been updated and waiting for the DB Server name ','',NULL,'2025-12-10 15:10:27','2025-12-10 15:10:27'),(372,'INC5431288','Closed','Medium',NULL,126,'Closed',3,12,'Closed Complete',NULL,NULL,'2025-12-11 15:55:48','2025-12-11 15:55:48'),(373,'FPOS - CHG0590222','Closed','Medium',NULL,128,'Closed',3,12,'Sport Chek Employee Discount - Top Up November 28',NULL,NULL,'2025-12-11 16:19:03','2025-12-11 16:19:03'),(374,'MPOS - CHG0590223','Closed','Medium',NULL,128,'Closed',3,12,' Marks Employee Discount ',NULL,NULL,'2025-12-11 16:19:03','2025-12-11 16:19:03'),(375,'Suncor - INC5417365','Closed','Medium',NULL,128,'Closed',3,12,' Multiple Sites has missing trailers for 11/27/2025 to 11/30/2025-PLEASE PUSH THE TRAILERS\r\n     (not DB issue but a network issue, DBA is required to join bridge for assist)\r\n',NULL,NULL,'2025-12-11 16:19:03','2025-12-11 16:19:03'),(376,'MPOS & FPOS - INC542215','Closed','Medium',NULL,128,'Closed',3,12,'MPOS & FPOS audit report ',NULL,NULL,'2025-12-11 16:19:03','2025-12-11 16:19:03'),(377,'MPOS - TASK1836041','Closed','Medium',NULL,128,'Closed',3,12,'user permission',NULL,NULL,'2025-12-11 16:19:03','2025-12-11 16:19:03'),(378,'WMOS-EAP - INC5433660','Closed','Medium',NULL,131,'Closed',3,5,'Prod - Vocollect Airport is Down',NULL,NULL,'2025-12-12 08:52:20','2025-12-12 08:52:20'),(379,'FPOS - CHG0590222','Closed','Medium',NULL,134,'Closed',3,12,'Sport Chek Employee Discount - Top Up November 28',NULL,NULL,'2025-12-12 15:25:55','2025-12-12 15:25:55'),(380,'MPOS - CHG0590223','Closed','Medium',NULL,134,'Closed',3,12,'Marks Employee Discount ',NULL,NULL,'2025-12-12 15:25:55','2025-12-12 15:25:55'),(381,'Suncor - INC5417365','Closed','Medium',NULL,134,'Closed',3,12,'Multiple Sites has missing trailers for 11/27/2025 to 11/30/2025-PLEASE PUSH THE TRAILERS\r\n     (not DB issue but a network issue, DBA is required to join bridge for assist)\r\n',NULL,NULL,'2025-12-12 15:25:55','2025-12-12 15:25:55'),(382,'MPOS&FPOS - INC5422157','Closed','Medium',NULL,134,'Closed',3,12,'MPOS & FPOS audit report',NULL,NULL,'2025-12-12 15:25:55','2025-12-12 15:25:55'),(383,'Vo-collect - INC5434269','Active','Low',NULL,135,'Open',3,5,'Vocollect Airport is Down for prd120\r\nWe checked it it\'s a false alert everything is up and running. Hence we are closing the ticket','16',NULL,'2025-12-12 16:26:02','2025-12-12 16:26:02'),(384,'Vo-collect - INC5434005','Closed','Medium',NULL,135,'Closed',3,5,'Vocollect Airport is Down for prd120\r\nWe checked it it\'s a false alert everything is up and running. Hence we are closing the ticket',NULL,NULL,'2025-12-12 16:26:02','2025-12-12 16:26:02'),(385,'Manhattan Labour Management System Vaugh - INC5433949','Closed','Medium',NULL,135,'Closed',3,5,'High CPU Utilization % on App AIX host | Signal lost for 30 minutes on - High CPU Utilization % on App AIX host -\r\nEverything is up and running fine .NR alert is also closed hence we are closing the ticket',NULL,NULL,'2025-12-12 16:26:02','2025-12-12 16:26:02'),(386,'Manhattan Labour Management System Calga - INC5433947','Closed','Medium',NULL,135,'Closed',3,5,'High CPU Utilization % on App AIX host | Signal lost for 30 minutes on - High CPU Utilization % on App AIX host -\r\nEverything is up and running fine .NR alert is also closed hence we are closing the ticket',NULL,NULL,'2025-12-12 16:26:02','2025-12-12 16:26:02'),(387,'Mytr - INC5430058','Escalated','High',NULL,135,'Escalated',3,5,'Out of scope',NULL,'CTR-SC-SRE-Dev-L3 Support','2025-12-12 16:26:02','2025-12-12 16:26:02'),(388,'BSWP - TASK1837408','Active','Low',NULL,138,'Open',3,12,'','',NULL,'2025-12-12 17:24:53','2025-12-12 17:24:53'),(389,'WMV - TASK1836340','Closed','Medium',NULL,138,'Closed',3,12,'',NULL,NULL,'2025-12-12 17:24:53','2025-12-12 17:24:53'),(390,'BSWP - TASK1837408','Closed','Medium',NULL,138,'Closed',3,12,'',NULL,NULL,'2025-12-12 17:24:53','2025-12-12 17:24:53'),(391,'MWW - INC5434145','Closed','Medium',NULL,138,'Closed',3,12,'',NULL,NULL,'2025-12-12 17:24:53','2025-12-12 17:24:53'),(392,'PRD352 - INC5434153','Closed','Medium',NULL,138,'Closed',3,12,'',NULL,NULL,'2025-12-12 17:24:53','2025-12-12 17:24:53'),(393,'Vocollect Airport -  INC5434653','Closed','Medium',NULL,140,'Closed',3,5,'The alert is alive since any one of the service is getting down intermittently and automatically starting after sometime. Closing this incident since currently all the processors are up and running.',NULL,NULL,'2025-12-12 18:38:57','2025-12-12 18:38:57'),(394,'DOM - INC5434574','Closed','Medium',NULL,140,'Closed',3,5,'FGL Dirty node cleanup is done',NULL,NULL,'2025-12-12 18:38:57','2025-12-12 18:38:57'),(395,'DOM - INC5434575','Closed','Medium',NULL,140,'Closed',3,5,'Marks Dirty node cleanup is done',NULL,NULL,'2025-12-12 18:38:57','2025-12-12 18:38:57'),(396,'DOM - INC5434574','Closed','Medium',NULL,142,'Closed',3,5,'FGL Dirty node cleanup is done',NULL,NULL,'2025-12-13 00:23:40','2025-12-13 00:23:40'),(397,'DOM - INC5434575','Closed','Medium',NULL,142,'Closed',3,5,'Marks Dirty node cleanup is done',NULL,NULL,'2025-12-13 00:23:40','2025-12-13 00:23:40'),(398,'Vocollect Airport - INC5434653','Closed','Medium',NULL,142,'Closed',3,5,'The alert is alive since any one of the service is getting down and automatically starting after sometime. Closing this incident since currently all the processors are up and running.',NULL,NULL,'2025-12-13 00:23:40','2025-12-13 00:23:40'),(399,'Vocollect Airport - INC5434913','Closed','Medium',NULL,142,'Closed',3,5,'The alert is alive since any one of the service is getting down and automatically starting after sometime. Closing this incident since currently all the processors are up and running.',NULL,NULL,'2025-12-13 00:23:40','2025-12-13 00:23:40'),(400,'Vocollect Airport - INC5434269','Closed','Medium',NULL,142,'Closed',3,5,'The alert is alive since any one of the service is getting down and automatically starting after sometime. Closing this incident since currently all the processors are up and running.',NULL,NULL,'2025-12-13 00:23:40','2025-12-13 00:23:40'),(401,'AGV - INC5435056','Closed','Medium',NULL,142,'Closed',3,5,'CPU Utilization reduced to 99% to 58%, alert is cleared and the incident is closed.',NULL,NULL,'2025-12-13 00:23:40','2025-12-13 00:23:40'),(402,'Vocollect Airport - INC5435151','Closed','Medium',NULL,142,'Closed',3,5,'The alert is alive since any one of the service is getting down and automatically starting after sometime. Closing this incident since currently all the processors are up and running.',NULL,NULL,'2025-12-13 00:23:40','2025-12-13 00:23:40'),(403,'OTM - INC5434557','Active','High',NULL,142,'Priority',3,5,'OTM - Unable to update shipment statuses, unable to assign carriers for  inbound/outbound loads\r\n\r\nResolution: Caused by change CHG0590556- Breakfix deployment of the ticket SCSO-7151 into production in Oracle Transportation Management (OTM).\r\n \r\nOracle team rebooted the OTM application to clear deadlocks, followed by the Super User and SRE teams reverting the change by deactivating the newly added agent and turning off the preferred carrier parameter configuration.',NULL,'NA','2025-12-13 00:23:40','2025-12-13 00:23:40'),(404,'DOM - INC5434267','NA','High',NULL,142,'Escalated',3,5,'Out of scope',NULL,'DOM L3 Team','2025-12-13 00:23:40','2025-12-13 00:23:40'),(405,'Vocollect - INC5435258','Closed','Medium',NULL,143,'Closed',3,5,'The alert is alive since any one of the service is getting down and automatically starting after sometime. Closing this incident since currently all the processors are up and running.',NULL,NULL,'2025-12-13 09:26:58','2025-12-13 09:26:58'),(406,'Vocollect - INC5435407','Closed','Medium',NULL,143,'Closed',3,5,'The alert is alive since any one of the service is getting down and automatically starting after sometime. Closing this incident since currently all the processors are up and running.',NULL,NULL,'2025-12-13 09:26:58','2025-12-13 09:26:58'),(407,'TOAS - INC5435360','Closed','Medium',NULL,143,'Closed',3,5,'Resent all messages and it was success,  backup was taken for messages & purged the message from queue now ',NULL,NULL,'2025-12-13 09:26:58','2025-12-13 09:26:58'),(408,'JDA - INC5435358','Escalated','High',NULL,143,'Escalated',3,5,'Out of scope',NULL,'EIS-Windows and Citrix ','2025-12-13 09:26:58','2025-12-13 09:26:58'),(409,'JDA - INC5435359','Escalated','High',NULL,143,'Escalated',3,5,'Out of scope',NULL,'EIS-Windows and Citrix ','2025-12-13 09:26:58','2025-12-13 09:26:58'),(410,'COSTAR - CTASK0291345','Closed','Medium',NULL,144,'Closed',3,12,'',NULL,NULL,'2025-12-15 16:26:44','2025-12-15 16:26:44'),(411,'Vocollect Airport - INC5438442','Closed','Medium',NULL,146,'Closed',3,5,'We have restarted the single instance of the 6 services. As of now all of them are up and running',NULL,NULL,'2025-12-16 00:06:59','2025-12-16 00:06:59'),(412,'Vocollect Airport - INC5438816','Closed','Medium',NULL,146,'Closed',3,5,'All the process was up and running',NULL,NULL,'2025-12-16 00:06:59','2025-12-16 00:06:59'),(413,'Vocollect Airport -  INC5439062','Closed','Medium',NULL,146,'Closed',3,5,'All the process was up and running',NULL,NULL,'2025-12-16 00:06:59','2025-12-16 00:06:59'),(414,'OTM - INC5439031','Closed','Medium',NULL,146,'Closed',3,5,'Calendar job did not finish on time due to the load.',NULL,NULL,'2025-12-16 00:06:59','2025-12-16 00:06:59'),(415,'DOM - INC5408070','Escalated','High',NULL,146,'Escalated',3,5,'They provided the user the access but it\'s now working',NULL,'Store Tech L2 Team','2025-12-16 00:06:59','2025-12-16 00:06:59'),(416,'MArks PMM - INC5438629','Closed','Medium',NULL,149,'Closed',3,12,'unlock my Marks PMM PreProd database (SID/Service - MPMM01PP) account and reset the database-specific password for user rbommareddy.',NULL,NULL,'2025-12-16 14:45:02','2025-12-16 14:45:02'),(417,'Marks JDA D&F - INC5439287','Closed','Medium',NULL,149,'Closed',3,12,'Marks JDA D&F] Oracle DB is down | Signal lost for 5 minutes on - [Marks JDA D&F] Oracle DB is down ',NULL,NULL,'2025-12-16 14:45:02','2025-12-16 14:45:02'),(418,'MArks PMM - INC5439615','Closed','Medium',NULL,149,'Closed',3,12,'unlock my Marks PMM PreProd database (SID/Service - MPMM01PP) account and reset the database-specific password for user rbommareddy.',NULL,NULL,'2025-12-16 14:45:02','2025-12-16 14:45:02'),(419,'Marks JDA D&F - INC5439121','Active','High',NULL,149,'Priority',3,12,'Since this morning, There is an ongoing issue where batch jobs are taking significantly longer than expected to complete. The Linux team observed unusually high CPU utilization and, as a temporary measure, migrated the workload to another virtual machine. However, this mitigation did not resolve the problem. We observed there is a high IO on the server',NULL,'','2025-12-16 14:45:02','2025-12-16 14:45:02'),(420,'JDA Transport - TASK1836822','In Progress','Medium','We require a FULL refresh of JDA environment TLMSUP4(http://qat210.cs.ctc:7401///) with the following back up file;\r\n• The dmp file captured from TLMPROD December 15th 2025 Morning back up file  \r\n• Please follow these steps for assignation of ticket and for a timely completion of the request – \r\nTARGET ENVIRONMENT and SERVERS.\r\nENVIRONMENT\r\n• TLMSUP4\r\nHOST\r\nQAT208.cs.ctc - DB\r\nROLE\r\n• QAT209.cs.c.tc • APP \r\n1. Assign to CTC-IT-EIS-Technology App Sup-Application Administration to bring down APP\r\n2. Once App is down: - APP ADMINs please assign ticket to CTC-IT-EIS-Database Services-Oracle for a FULL refresh\r\n3. Once refresh is complete: – DBAs please assign ticket to CTC-IT-EIS-Technology App Sup-Application Administration to bring APP back up',150,'Handover',3,12,'We require a FULL refresh of JDA environment TLMSUP4(http://qat210.cs.ctc:7401///) with the following back up file;\r\n• The dmp file captured from TLMPROD December 15th 2025 Morning back up file  \r\n• Please follow these steps for assignation of ticket and for a timely completion of the request – \r\nTARGET ENVIRONMENT and SERVERS.\r\nENVIRONMENT\r\n• TLMSUP4\r\nHOST\r\nQAT208.cs.ctc - DB\r\nROLE\r\n• QAT209.cs.c.tc • APP \r\n1. Assign to CTC-IT-EIS-Technology App Sup-Application Administration to bring down APP\r\n2. Once App is down: - APP ADMINs please assign ticket to CTC-IT-EIS-Database Services-Oracle for a FULL refresh\r\n3. Once refresh is complete: – DBAs please assign ticket to CTC-IT-EIS-Technology App Sup-Application Administration to bring APP back up','',NULL,'2025-12-17 16:35:58','2025-12-17 16:35:58'),(421,'DCCS - INC5441604','Closed','Medium',NULL,151,'Closed',3,12,'Password reset completed',NULL,NULL,'2025-12-18 16:13:39','2025-12-18 16:13:39'),(422,'Manhattan Labour Management System Vaughan EAP - INC5443325','Closed','Medium',NULL,152,'Closed',3,5,'CPU is normal, server is up and running hence closing incident',NULL,NULL,'2025-12-18 17:03:24','2025-12-18 17:03:24'),(423,'Manhattan Labour Management System Vaughan EAP - INC5443304','Closed','Medium',NULL,152,'Closed',3,5,'CPU is normal, server is up and running hence closing incident',NULL,NULL,'2025-12-18 17:03:24','2025-12-18 17:03:24'),(424,'Vocollect - Airport - INC5443469','Closed','Medium',NULL,152,'Closed',3,5,'Restarted processor 4 , now all processors are up and running fine. Hence closing the ticket.',NULL,NULL,'2025-12-18 17:03:24','2025-12-18 17:03:24'),(425,'Vocollect - Airport - INC5443796','Closed','Medium',NULL,152,'Closed',3,5,'All Processors are up and running. Hence closing the incident.',NULL,NULL,'2025-12-18 17:03:24','2025-12-18 17:03:24'),(426,'DOM - INC5443823','Closed','Medium',NULL,152,'Closed',3,5,'MarksDirty node cleanup is done',NULL,NULL,'2025-12-18 17:03:24','2025-12-18 17:03:24'),(427,'DOM - INC5443825','Closed','Medium',NULL,152,'Closed',3,5,'FGL Dirty node cleanup is done',NULL,NULL,'2025-12-18 17:03:24','2025-12-18 17:03:24'),(428,'JDA Transport Application - Non Prod - INC5445426','Closed','Medium',NULL,155,'Closed',3,12,'Password reset comleted ( for TASK1836822 we need to do DB refresh activity, post that - we were not able to login so reset of password was required. )',NULL,NULL,'2025-12-19 14:32:04','2025-12-19 14:32:04'),(429,'JDA Transport Application - Non Prod - INC5445426','Closed','Medium',NULL,156,'Closed',3,12,'Password reset completed',NULL,NULL,'2025-12-19 15:47:09','2025-12-19 15:47:09'),(430,'ORDVIEWP - TASK1839190','Closed','Medium',NULL,156,'Closed',3,12,'Grant Access to ORDVIEWP',NULL,NULL,'2025-12-19 15:47:09','2025-12-19 15:47:09'),(431,'ORDVIEWP - TASK1839194','Closed','Medium',NULL,156,'Closed',3,12,'Grant Access to ORDVIEWP',NULL,NULL,'2025-12-19 15:47:09','2025-12-19 15:47:09'),(432,'MSSQL - TASK1832251','Closed','Medium',NULL,156,'Closed',3,12,'MS SQL DB Build',NULL,NULL,'2025-12-19 15:47:09','2025-12-19 15:47:09'),(433,'MSSQL - TASK1840683','Closed','Medium',NULL,156,'Closed',3,12,'MySQL Database Request - Rajdip Bandopadhyay (Rajdip.Bandopadhyay) - Add',NULL,NULL,'2025-12-19 15:47:09','2025-12-19 15:47:09'),(435,'Vo-collect - INC5446987','Closed','Medium',NULL,158,'Closed',3,5,'We checked it everything was up and running. So we closed the incident',NULL,NULL,'2025-12-20 16:24:09','2025-12-20 16:24:09'),(436,'Vo-collect - INC5447223','Closed','Medium',NULL,158,'Closed',3,5,'We checked it everything was up and running. So we closed the incident',NULL,NULL,'2025-12-20 16:24:09','2025-12-20 16:24:09'),(437,'Mytr - INC5430058','Escalated','High',NULL,158,'Escalated',3,5,'',NULL,'CTR-SC-SRE-Dev-L3 Support','2025-12-20 16:24:09','2025-12-20 16:24:09'),(438,'INC0123456','Active','Low',NULL,160,'Open',3,12,'Completed ','',NULL,'2025-12-22 16:22:15','2025-12-22 16:22:15');
/*!40000 ALTER TABLE `incident` ENABLE KEYS */;
UNLOCK TABLES;

--
-- Dumping data for table `handover_request`
--

LOCK TABLES `handover_request` WRITE;
/*!40000 ALTER TABLE `handover_request` DISABLE KEYS */;
INSERT INTO `handover_request` (`id`, `shift_date`, `current_shift_type`, `next_shift_type`, `created_by_id`, `status`, `general_notes`, `shift_summary`, `created_at`, `updated_at`, `expires_at`, `account_id`, `team_id`) VALUES (23,'2025-11-18','Evening','Night',31,'fully_accepted',NULL,'Auto-created for incident assignment compatibility','2025-11-18 15:20:13','2025-11-18 15:20:13',NULL,3,12),(30,'2025-11-18','Morning','Evening',40,'fully_accepted',NULL,'Auto-created for incident assignment compatibility','2025-11-18 17:44:51','2025-11-18 17:44:51',NULL,1,2),(33,'2025-11-24','Morning','Evening',52,'fully_accepted',NULL,'Auto-created for incident assignment compatibility','2025-11-24 10:01:00','2025-11-24 10:01:00',NULL,3,13),(34,'2025-11-24','Evening','Night',40,'fully_accepted',NULL,'Auto-created for incident assignment compatibility','2025-11-24 10:31:37','2025-11-24 10:31:37',NULL,1,2),(35,'2025-11-24','Evening','Night',40,'fully_accepted',NULL,'Auto-created for incident assignment compatibility','2025-11-24 10:34:33','2025-11-24 10:34:33',NULL,1,2),(36,'2025-11-20','Morning','Evening',40,'fully_accepted',NULL,'Auto-created for incident assignment compatibility','2025-11-24 10:35:50','2025-11-24 10:35:50',NULL,1,2),(37,'2025-11-20','Morning','Evening',40,'fully_accepted',NULL,'Auto-created for incident assignment compatibility','2025-11-24 10:36:11','2025-11-24 10:36:11',NULL,1,2),(38,'2025-11-24','Evening','Night',40,'fully_accepted',NULL,'Auto-created for incident assignment compatibility','2025-11-24 10:37:35','2025-11-24 10:37:35',NULL,1,2),(39,'2025-11-24','Evening','Night',40,'fully_accepted',NULL,'Auto-created for incident assignment compatibility','2025-11-24 10:42:50','2025-11-24 10:42:50',NULL,1,2),(40,'2025-11-24','Evening','Night',40,'fully_accepted',NULL,'Auto-created for incident assignment compatibility','2025-11-24 10:48:35','2025-11-24 10:48:35',NULL,1,2),(41,'2025-11-24','Evening','Night',40,'pending',NULL,'Auto-created for incident assignment compatibility','2025-11-24 10:51:49','2025-11-24 10:51:49',NULL,1,2),(42,'2025-11-24','Evening','Night',40,'pending',NULL,'Auto-created for incident assignment compatibility','2025-11-24 10:57:34','2025-11-24 10:57:34',NULL,1,2),(43,'2025-11-24','Evening','Night',40,'fully_accepted',NULL,'Auto-created for incident assignment compatibility','2025-11-24 11:50:43','2025-11-24 11:50:43',NULL,1,2),(44,'2025-11-24','Evening','Night',40,'pending',NULL,'Auto-created for incident assignment compatibility','2025-11-24 12:17:46','2025-11-24 12:17:46',NULL,1,2),(45,'2025-11-24','Evening','Night',40,'pending',NULL,'Auto-created for incident assignment compatibility','2025-11-24 12:45:48','2025-11-24 12:45:48',NULL,1,2),(46,'2025-11-24','Evening','Night',40,'pending',NULL,'Auto-created for incident assignment compatibility','2025-11-24 12:53:43','2025-11-24 12:53:43',NULL,1,2),(47,'2025-11-24','Evening','Night',40,'pending',NULL,'Auto-created for incident assignment compatibility','2025-11-24 12:58:23','2025-11-24 12:58:23',NULL,1,2),(48,'2025-11-24','Evening','Night',40,'pending',NULL,'Auto-created for incident assignment compatibility','2025-11-24 13:20:30','2025-11-24 13:20:30',NULL,1,2),(49,'2025-11-24','Evening','Night',40,'pending',NULL,'Auto-created for incident assignment compatibility','2025-11-24 13:56:37','2025-11-24 13:56:37',NULL,1,2),(50,'2025-11-24','Evening','Night',40,'pending',NULL,'Auto-created for incident assignment compatibility','2025-11-24 14:05:30','2025-11-24 14:05:30',NULL,1,2),(51,'2025-11-24','Evening','Night',40,'pending',NULL,'Auto-created for incident assignment compatibility','2025-11-24 14:12:01','2025-11-24 14:12:01',NULL,1,2),(52,'2025-11-24','Evening','Night',31,'fully_accepted',NULL,'Auto-created for incident assignment compatibility','2025-11-24 15:41:28','2025-11-24 15:41:28',NULL,3,12),(53,'2025-11-24','Evening','Night',40,'pending',NULL,'Auto-created for incident assignment compatibility','2025-11-24 16:37:24','2025-11-24 16:37:24',NULL,1,2),(54,'2025-11-24','Evening','Night',40,'pending',NULL,'Auto-created for incident assignment compatibility','2025-11-24 16:59:09','2025-11-24 16:59:09',NULL,1,2),(55,'2025-11-24','Evening','Night',40,'pending',NULL,'Auto-created for incident assignment compatibility','2025-11-24 17:20:56','2025-11-24 17:20:56',NULL,1,2),(56,'2025-11-24','Evening','Night',40,'pending',NULL,'Auto-created for incident assignment compatibility','2025-11-24 17:31:14','2025-11-24 17:31:14',NULL,1,2),(57,'2025-11-24','Evening','Night',40,'pending',NULL,'Auto-created for incident assignment compatibility','2025-11-24 17:43:20','2025-11-24 17:43:20',NULL,1,2),(58,'2025-11-24','Evening','Night',40,'pending',NULL,'Auto-created for incident assignment compatibility','2025-11-24 17:47:40','2025-11-24 17:47:40',NULL,1,2),(59,'2025-11-24','Evening','Night',40,'pending',NULL,'Auto-created for incident assignment compatibility','2025-11-24 17:51:12','2025-11-24 17:51:12',NULL,1,2),(60,'2025-11-24','Evening','Night',40,'pending',NULL,'Auto-created for incident assignment compatibility','2025-11-24 18:02:41','2025-11-24 18:02:41',NULL,1,2),(61,'2025-11-24','Evening','Night',40,'pending',NULL,'Auto-created for incident assignment compatibility','2025-11-24 18:16:14','2025-11-24 18:16:14',NULL,1,2),(62,'2025-11-23','Night','Morning',40,'pending',NULL,'Auto-created for incident assignment compatibility','2025-11-24 18:28:08','2025-11-24 18:28:08',NULL,1,2),(63,'2025-11-24','Night','Morning',40,'pending',NULL,'Auto-created for incident assignment compatibility','2025-11-24 18:34:53','2025-11-24 18:34:53',NULL,1,2),(64,'2025-11-24','Night','Morning',40,'pending',NULL,'Auto-created for incident assignment compatibility','2025-11-24 18:40:34','2025-11-24 18:40:34',NULL,1,2),(65,'2025-11-24','Night','Morning',40,'pending',NULL,'Auto-created for incident assignment compatibility','2025-11-24 18:49:57','2025-11-24 18:49:57',NULL,1,2),(66,'2025-11-24','Night','Morning',40,'pending',NULL,'Auto-created for incident assignment compatibility','2025-11-24 18:54:58','2025-11-24 18:54:58',NULL,1,2),(67,'2025-11-24','Night','Morning',40,'pending',NULL,'Auto-created for incident assignment compatibility','2025-11-24 19:04:53','2025-11-24 19:04:53',NULL,1,2),(68,'2025-11-24','Night','Morning',40,'fully_accepted',NULL,'Auto-created for incident assignment compatibility','2025-11-24 19:05:49','2025-11-24 19:05:49',NULL,1,2),(69,'2025-11-24','Night','Morning',40,'fully_accepted',NULL,'Auto-created for incident assignment compatibility','2025-11-24 19:10:33','2025-11-24 19:10:33',NULL,1,2),(70,'2025-11-24','Night','Morning',40,'fully_accepted',NULL,'Auto-created for incident assignment compatibility','2025-11-24 19:21:21','2025-11-24 19:21:21',NULL,1,2),(71,'2025-11-24','Evening','Night',40,'pending',NULL,'Auto-created for incident assignment compatibility','2025-11-24 19:33:23','2025-11-24 19:33:23',NULL,1,2),(72,'2025-11-24','Night','Morning',39,'fully_accepted',NULL,'Auto-created for incident assignment compatibility','2025-11-24 19:50:15','2025-11-24 19:50:15',NULL,3,6),(73,'2025-11-25','Evening','Night',40,'fully_accepted',NULL,'Auto-created for incident assignment compatibility','2025-11-25 13:53:28','2025-11-25 13:53:28',NULL,1,2),(74,'2025-11-25','Evening','Night',37,'pending',NULL,'Auto-created for incident assignment compatibility','2025-11-25 15:51:31','2025-11-25 15:51:31',NULL,3,12),(75,'2025-11-26','Morning','Evening',52,'fully_accepted',NULL,'Auto-created for incident assignment compatibility','2025-11-26 10:17:35','2025-11-26 10:17:35',NULL,3,13),(76,'2025-11-26','Evening','Night',31,'fully_accepted',NULL,'Auto-created for incident assignment compatibility','2025-11-26 16:00:31','2025-11-26 16:00:31',NULL,3,12),(77,'2025-11-27','Morning','Evening',52,'fully_accepted',NULL,'Auto-created for incident assignment compatibility','2025-11-27 10:38:45','2025-11-27 10:38:45',NULL,3,13),(78,'2025-11-28','Morning','Evening',52,'fully_accepted',NULL,'Auto-created for incident assignment compatibility','2025-11-28 11:27:14','2025-11-28 11:27:14',NULL,3,13),(79,'2025-12-03','Morning','Evening',18,'fully_accepted',NULL,'Auto-created for incident assignment compatibility','2025-12-03 09:42:11','2025-12-03 09:42:11',NULL,3,5),(80,'2025-12-03','Morning','Evening',18,'pending',NULL,'Auto-created for incident assignment compatibility','2025-12-03 09:59:13','2025-12-03 09:59:13',NULL,3,5),(81,'2025-12-03','Evening','Night',40,'pending',NULL,'Auto-created for incident assignment compatibility','2025-12-03 10:02:38','2025-12-03 10:02:38',NULL,1,2),(82,'2025-12-01','Morning','Evening',18,'fully_accepted',NULL,'Auto-created for incident assignment compatibility','2025-12-03 18:38:01','2025-12-03 18:38:01',NULL,3,5),(83,'2025-12-04','Morning','Evening',45,'pending',NULL,'Auto-created for incident assignment compatibility','2025-12-04 08:54:45','2025-12-04 08:54:45',NULL,3,5),(84,'2025-12-01','Evening','Night',50,'fully_accepted',NULL,'Auto-created for incident assignment compatibility','2025-12-04 10:36:34','2025-12-04 10:36:34',NULL,3,5),(86,'2025-12-01','Night','Morning',50,'fully_accepted',NULL,'Auto-created for incident assignment compatibility','2025-12-04 11:14:45','2025-12-04 11:14:45',NULL,3,5),(87,'2025-12-02','Morning','Evening',50,'fully_accepted',NULL,'Auto-created for incident assignment compatibility','2025-12-04 11:18:12','2025-12-04 11:18:12',NULL,3,5),(88,'2025-12-02','Evening','Night',50,'fully_accepted',NULL,'Auto-created for incident assignment compatibility','2025-12-04 11:24:01','2025-12-04 11:24:01',NULL,3,5),(89,'2025-12-02','Night','Morning',50,'fully_accepted',NULL,'Auto-created for incident assignment compatibility','2025-12-04 11:34:49','2025-12-04 11:34:49',NULL,3,5),(90,'2025-12-03','Evening','Night',50,'fully_accepted',NULL,'Auto-created for incident assignment compatibility','2025-12-04 11:39:58','2025-12-04 11:39:58',NULL,3,5),(91,'2025-12-03','Night','Morning',50,'fully_accepted',NULL,'Auto-created for incident assignment compatibility','2025-12-04 11:45:50','2025-12-04 11:45:50',NULL,3,5),(92,'2025-12-04','Evening','Night',37,'pending',NULL,'Auto-created for incident assignment compatibility','2025-12-04 15:47:04','2025-12-04 15:47:04',NULL,3,12),(93,'2025-12-04','Evening','Night',31,'fully_accepted',NULL,'Auto-created for incident assignment compatibility','2025-12-04 16:09:30','2025-12-04 16:09:30',NULL,3,12),(94,'2025-12-04','Evening','Night',55,'pending',NULL,'Auto-created for incident assignment compatibility','2025-12-04 17:07:16','2025-12-04 17:07:16',NULL,3,5),(95,'2025-12-04','Evening','Night',55,'fully_accepted',NULL,'Auto-created for incident assignment compatibility','2025-12-04 17:08:59','2025-12-04 17:08:59',NULL,3,5),(96,'2025-12-03','Evening','Night',52,'fully_accepted',NULL,'Auto-created for incident assignment compatibility','2025-12-04 18:42:21','2025-12-04 18:42:21',NULL,3,13),(97,'2025-12-05','Evening','Night',40,'pending',NULL,'Auto-created for incident assignment compatibility','2025-12-05 11:40:03','2025-12-05 11:40:03',NULL,1,2),(98,'2025-12-05','Morning','Evening',40,'fully_accepted',NULL,'Auto-created for incident assignment compatibility','2025-12-05 11:41:02','2025-12-05 11:41:02',NULL,1,2),(99,'2025-12-05','Evening','Night',37,'pending',NULL,'Auto-created for incident assignment compatibility','2025-12-05 14:06:55','2025-12-05 14:06:55',NULL,3,12),(100,'2025-12-05','Morning','Evening',45,'fully_accepted',NULL,'Auto-created for incident assignment compatibility','2025-12-05 15:26:23','2025-12-05 15:26:23',NULL,3,5),(101,'2025-12-05','Evening','Night',60,'fully_accepted',NULL,'Auto-created for incident assignment compatibility','2025-12-05 18:03:21','2025-12-05 18:03:21',NULL,3,5),(102,'2025-12-04','Evening','Night',52,'fully_accepted',NULL,'Auto-created for incident assignment compatibility','2025-12-05 18:27:43','2025-12-05 18:27:43',NULL,3,13),(103,'2025-12-05','Night','Morning',19,'fully_accepted',NULL,'Auto-created for incident assignment compatibility','2025-12-06 03:16:03','2025-12-06 03:16:03',NULL,3,5),(104,'2025-12-06','Morning','Evening',61,'fully_accepted',NULL,'Auto-created for incident assignment compatibility','2025-12-06 09:53:54','2025-12-06 09:53:54',NULL,3,5),(105,'2025-12-06','Morning','Evening',61,'fully_accepted',NULL,'Auto-created for incident assignment compatibility','2025-12-06 09:54:48','2025-12-06 09:54:48',NULL,3,5),(106,'2025-12-06','Evening','Night',55,'fully_accepted',NULL,'Auto-created for incident assignment compatibility','2025-12-06 12:34:09','2025-12-06 12:34:09',NULL,3,5),(107,'2025-12-07','Morning','Evening',61,'pending',NULL,'Auto-created for incident assignment compatibility','2025-12-07 10:04:45','2025-12-07 10:04:45',NULL,3,5),(108,'2025-12-07','Evening','Night',61,'fully_accepted',NULL,'Auto-created for incident assignment compatibility','2025-12-07 10:05:53','2025-12-07 10:05:53',NULL,3,5),(110,'2025-12-06','Night','Morning',30,'fully_accepted',NULL,'Auto-created for incident assignment compatibility','2025-12-08 06:34:22','2025-12-08 06:34:22',NULL,3,5),(111,'2025-12-07','Morning','Evening',61,'fully_accepted',NULL,'Auto-created for incident assignment compatibility','2025-12-08 06:42:49','2025-12-08 06:42:49',NULL,3,5),(112,'2025-12-07','Evening','Night',55,'fully_accepted',NULL,'Auto-created for incident assignment compatibility','2025-12-08 06:44:25','2025-12-08 06:44:25',NULL,3,5),(113,'2025-12-07','Night','Morning',50,'fully_accepted',NULL,'Auto-created for incident assignment compatibility','2025-12-08 06:46:47','2025-12-08 06:46:47',NULL,3,5),(117,'2025-12-08','Morning','Evening',56,'fully_accepted',NULL,'Auto-created for incident assignment compatibility','2025-12-08 10:03:57','2025-12-08 10:03:57',NULL,3,5),(118,'2025-12-08','Evening','Night',31,'pending',NULL,'Auto-created for incident assignment compatibility','2025-12-08 14:59:11','2025-12-08 14:59:11',NULL,3,12),(119,'2025-12-08','Evening','Night',37,'fully_accepted',NULL,'Auto-created for incident assignment compatibility','2025-12-08 15:09:26','2025-12-08 15:09:26',NULL,3,12),(120,'2025-12-08','Evening','Night',63,'fully_accepted',NULL,'Auto-created for incident assignment compatibility','2025-12-08 16:29:38','2025-12-08 16:29:38',NULL,3,5),(121,'2025-12-08','Evening','Night',30,'pending',NULL,'Auto-created for incident assignment compatibility','2025-12-08 16:42:30','2025-12-08 16:42:30',NULL,3,5),(122,'2025-12-09','Morning','Evening',56,'pending',NULL,'Auto-created for incident assignment compatibility','2025-12-09 08:58:03','2025-12-09 08:58:03',NULL,3,5),(123,'2025-12-09','Evening','Night',1,'submitted','Auto-created for notification compatibility','Legacy shift data','2025-12-10 08:34:47','2025-12-10 08:34:47',NULL,3,5),(124,'2025-12-10','Evening','Night',31,'fully_accepted',NULL,'Auto-created for incident assignment compatibility','2025-12-10 15:10:27','2025-12-10 15:10:27',NULL,3,12),(125,'2025-12-11','Morning','Evening',54,'fully_accepted',NULL,'Auto-created for incident assignment compatibility','2025-12-11 10:20:21','2025-12-11 10:20:21',NULL,3,13),(126,'2025-12-11','Evening','Night',31,'pending',NULL,'Auto-created for incident assignment compatibility','2025-12-11 15:55:49','2025-12-11 15:55:49',NULL,3,12),(127,'2025-12-11','Evening','Night',39,'fully_accepted',NULL,'Auto-created for incident assignment compatibility','2025-12-11 16:03:36','2025-12-11 16:03:36',NULL,3,12),(128,'2025-12-11','Evening','Night',39,'pending',NULL,'Auto-created for incident assignment compatibility','2025-12-11 16:19:03','2025-12-11 16:19:03',NULL,3,12),(130,'2025-12-11','Evening','Morning',65,'fully_accepted',NULL,'Auto-created for incident assignment compatibility','2025-12-11 18:50:02','2025-12-11 18:50:02',NULL,3,13),(131,'2025-12-12','Morning','Evening',56,'pending',NULL,'Auto-created for incident assignment compatibility','2025-12-12 08:52:21','2025-12-12 08:52:21',NULL,3,5),(132,'2025-12-12','Morning','Evening',56,'fully_accepted',NULL,'Auto-created for incident assignment compatibility','2025-12-12 09:27:26','2025-12-12 09:27:26',NULL,3,5),(133,'2025-12-12','Morning','Evening',54,'fully_accepted',NULL,'Auto-created for incident assignment compatibility','2025-12-12 10:29:33','2025-12-12 10:29:33',NULL,3,13),(134,'2025-12-12','Evening','Night',39,'fully_accepted',NULL,'Auto-created for incident assignment compatibility','2025-12-12 15:25:56','2025-12-12 15:25:56',NULL,3,12),(135,'2025-12-12','Evening','Night',50,'fully_accepted',NULL,'Auto-created for incident assignment compatibility','2025-12-12 16:26:03','2025-12-12 16:26:03',NULL,3,5),(138,'2025-12-12','Morning','Night',36,'fully_accepted',NULL,'Auto-created for incident assignment compatibility','2025-12-12 17:24:54','2025-12-12 17:24:54',NULL,3,12),(139,'2025-12-12','Evening','Morning',52,'fully_accepted',NULL,'Auto-created for incident assignment compatibility','2025-12-12 18:25:18','2025-12-12 18:25:18',NULL,3,13),(140,'2025-12-12','Night','Morning',64,'pending',NULL,'Auto-created for incident assignment compatibility','2025-12-12 18:38:57','2025-12-12 18:38:57',NULL,3,5),(141,'2025-12-12','Night','Morning',64,'pending',NULL,'Auto-created for incident assignment compatibility','2025-12-12 22:09:41','2025-12-12 22:09:41',NULL,3,5),(142,'2025-12-12','Night','Morning',64,'fully_accepted',NULL,'Auto-created for incident assignment compatibility','2025-12-13 00:23:40','2025-12-13 00:23:40',NULL,3,5),(143,'2025-12-13','Morning','Evening',63,'fully_accepted',NULL,'Auto-created for incident assignment compatibility','2025-12-13 09:26:58','2025-12-13 09:26:58',NULL,3,5),(144,'2025-12-15','Evening','Night',37,'fully_accepted',NULL,'Auto-created for incident assignment compatibility','2025-12-15 16:26:44','2025-12-15 16:26:44',NULL,3,12),(145,'2025-12-15','Evening','Morning',65,'fully_accepted',NULL,'Auto-created for incident assignment compatibility','2025-12-15 18:56:14','2025-12-15 18:56:14',NULL,3,13),(146,'2025-12-15','Night','Morning',64,'fully_accepted',NULL,'Auto-created for incident assignment compatibility','2025-12-16 00:07:00','2025-12-16 00:07:00',NULL,3,5),(147,'2025-12-15','Night','Morning',64,'pending',NULL,'Auto-created for incident assignment compatibility','2025-12-16 00:14:17','2025-12-16 00:14:17',NULL,3,5),(148,'2025-12-16','Morning','Evening',52,'fully_accepted',NULL,'Auto-created for incident assignment compatibility','2025-12-16 10:37:02','2025-12-16 10:37:02',NULL,3,13),(149,'2025-12-16','Evening','Night',37,'pending',NULL,'Auto-created for incident assignment compatibility','2025-12-16 14:45:02','2025-12-16 14:45:02',NULL,3,12),(150,'2025-12-17','Evening','Night',37,'fully_accepted',NULL,'Auto-created for incident assignment compatibility','2025-12-17 16:35:58','2025-12-17 16:35:58',NULL,3,12),(151,'2025-12-18','Evening','Night',37,'pending',NULL,'Auto-created for incident assignment compatibility','2025-12-18 16:13:39','2025-12-18 16:13:39',NULL,3,12),(152,'2025-12-18','Evening','Night',64,'fully_accepted',NULL,'Auto-created for incident assignment compatibility','2025-12-18 17:03:24','2025-12-18 17:03:24',NULL,3,5),(153,'2025-12-18','Evening','Morning',65,'fully_accepted',NULL,'Auto-created for incident assignment compatibility','2025-12-18 18:42:16','2025-12-18 18:42:16',NULL,3,13),(154,'2025-12-19','Morning','Evening',52,'pending',NULL,'Auto-created for incident assignment compatibility','2025-12-19 09:36:12','2025-12-19 09:36:12',NULL,3,13),(155,'2025-12-19','Evening','Night',37,'pending',NULL,'Auto-created for incident assignment compatibility','2025-12-19 14:32:05','2025-12-19 14:32:05',NULL,3,12),(156,'2025-12-19','Evening','Night',37,'fully_accepted',NULL,'Auto-created for incident assignment compatibility','2025-12-19 15:47:10','2025-12-19 15:47:10',NULL,3,12),(157,'2025-12-19','Evening','Morning',65,'fully_accepted',NULL,'Auto-created for incident assignment compatibility','2025-12-19 18:26:45','2025-12-19 18:26:45',NULL,3,13),(158,'2025-12-20','Evening','Night',1,'submitted','Auto-created for notification compatibility','Legacy shift data','2025-12-20 16:24:09','2025-12-20 16:24:09',NULL,3,5),(159,'2025-12-22','Morning','Evening',52,'fully_accepted',NULL,'Auto-created for incident assignment compatibility','2025-12-22 10:02:51','2025-12-22 10:02:51',NULL,3,13),(160,'2025-12-22','Evening','Night',31,'fully_accepted',NULL,'Auto-created for incident assignment compatibility','2025-12-22 16:22:15','2025-12-22 16:22:15',NULL,3,12),(161,'2025-12-22','Evening','Morning',54,'fully_accepted',NULL,'Auto-created for incident assignment compatibility','2025-12-22 18:39:20','2025-12-22 18:39:20',NULL,3,13);
/*!40000 ALTER TABLE `handover_request` ENABLE KEYS */;
UNLOCK TABLES;

--
-- Dumping data for table `handover_response`
--

LOCK TABLES `handover_response` WRITE;
/*!40000 ALTER TABLE `handover_response` DISABLE KEYS */;
/*!40000 ALTER TABLE `handover_response` ENABLE KEYS */;
UNLOCK TABLES;

--
-- Dumping data for table `current_shift_engineers`
--

LOCK TABLES `current_shift_engineers` WRITE;
/*!40000 ALTER TABLE `current_shift_engineers` DISABLE KEYS */;
INSERT INTO `current_shift_engineers` (`shift_id`, `team_member_id`) VALUES (30,37),(30,38),(33,58),(34,36),(34,38),(35,36),(35,38),(36,37),(36,38),(37,37),(37,38),(38,36),(38,38),(39,36),(39,38),(40,36),(40,38),(43,36),(43,38),(42,7),(42,9),(42,13),(42,14),(42,15),(42,16),(42,36),(42,38),(42,66),(42,67),(41,7),(41,9),(41,13),(41,14),(41,15),(41,16),(41,36),(41,38),(41,66),(41,67),(44,7),(44,9),(44,13),(44,14),(44,15),(44,16),(44,36),(44,38),(44,66),(44,67),(53,7),(53,9),(53,13),(53,14),(53,15),(53,16),(53,36),(53,38),(53,66),(53,67),(54,7),(54,9),(54,13),(54,14),(54,15),(54,16),(54,36),(54,38),(54,66),(54,67),(55,7),(55,9),(55,13),(55,14),(55,15),(55,16),(55,36),(55,38),(55,66),(55,67),(56,7),(56,9),(56,13),(56,14),(56,15),(56,16),(56,36),(56,38),(56,66),(56,67),(59,7),(59,9),(59,13),(59,14),(59,15),(59,16),(59,36),(59,38),(59,66),(59,67),(58,7),(58,9),(58,13),(58,14),(58,15),(58,16),(58,36),(58,38),(58,66),(58,67),(45,7),(45,9),(45,13),(45,14),(45,15),(45,16),(45,36),(45,38),(45,66),(45,67),(57,7),(57,9),(57,13),(57,14),(57,15),(57,16),(57,36),(57,38),(57,66),(57,67),(46,7),(46,9),(46,13),(46,14),(46,15),(46,16),(46,36),(46,38),(46,66),(46,67),(48,7),(48,9),(48,13),(48,14),(48,15),(48,16),(48,36),(48,38),(48,66),(48,67),(47,7),(47,9),(47,13),(47,14),(47,15),(47,16),(47,36),(47,38),(47,66),(47,67),(49,7),(49,9),(49,13),(49,14),(49,15),(49,16),(49,36),(49,38),(49,66),(49,67),(50,7),(50,9),(50,13),(50,14),(50,15),(50,16),(50,36),(50,38),(50,66),(50,67),(51,7),(51,9),(51,13),(51,14),(51,15),(51,16),(51,36),(51,38),(51,66),(51,67),(60,7),(60,9),(60,13),(60,14),(60,15),(60,16),(60,36),(60,38),(60,66),(60,67),(61,7),(61,9),(61,13),(61,14),(61,15),(61,16),(61,36),(61,38),(61,66),(61,67),(62,6),(62,39),(63,6),(63,39),(64,39),(65,39),(66,39),(67,6),(67,39),(68,39),(69,39),(70,39),(71,7),(71,9),(71,13),(71,14),(71,15),(71,16),(71,36),(71,38),(71,66),(71,67),(73,37),(73,38),(74,5),(74,6),(74,7),(74,9),(74,13),(74,14),(74,15),(74,16),(74,18),(74,37),(74,38),(74,66),(74,67),(75,58),(77,58),(78,58),(80,5),(80,13),(82,5),(82,13),(84,4),(84,7),(84,9),(84,11),(84,12),(84,18),(84,20),(83,5),(83,13),(86,14),(86,17),(86,21),(87,5),(87,13),(88,4),(88,7),(88,9),(88,11),(88,12),(88,15),(88,16),(88,18),(88,20),(89,14),(89,17),(89,21),(90,4),(90,7),(90,9),(90,11),(90,12),(90,15),(90,16),(90,18),(90,20),(91,14),(91,17),(91,21),(94,4),(94,6),(94,7),(94,9),(94,11),(94,12),(94,15),(94,18),(94,20),(95,4),(95,6),(95,7),(95,9),(95,11),(95,12),(95,15),(95,18),(95,20),(96,58),(96,92),(97,4),(97,6),(97,7),(97,9),(97,11),(97,15),(97,58),(97,92),(100,5),(100,13),(99,4),(99,6),(99,7),(99,9),(99,11),(99,15),(99,58),(99,71),(99,74),(99,75),(99,84),(99,85),(99,87),(99,92),(101,4),(101,6),(101,7),(101,9),(101,11),(101,15),(102,58),(102,92),(103,14),(103,21),(104,16),(110,20),(111,16),(113,20),(117,13),(117,15),(121,4),(121,5),(121,7),(121,9),(121,14),(121,18),(121,58),(121,67),(121,71),(121,74),(121,75),(121,78),(121,80),(121,85),(121,87),(121,89),(121,92),(122,13),(122,15),(118,4),(118,5),(118,7),(118,9),(118,14),(118,18),(118,58),(118,67),(118,71),(118,74),(118,75),(118,78),(118,80),(118,85),(118,87),(118,89),(118,92),(125,19),(125,66),(130,58),(130,67),(130,92),(131,13),(132,13),(133,19),(133,66),(135,4),(135,7),(135,9),(135,14),(135,17),(135,20),(139,58),(139,67),(139,92),(140,10),(140,16),(140,21),(141,10),(141,16),(141,21),(142,10),(142,16),(142,21),(143,18),(145,66),(145,67),(145,92),(146,6),(146,15),(146,21),(147,6),(147,15),(147,21),(148,58),(149,4),(149,5),(149,7),(149,9),(149,11),(149,14),(149,16),(149,17),(149,66),(149,67),(149,71),(149,74),(149,75),(149,77),(149,84),(149,87),(149,89),(149,92),(152,4),(152,5),(152,7),(152,9),(152,11),(152,14),(152,16),(152,17),(152,18),(153,66),(153,67),(153,92),(154,12),(154,19),(154,58),(154,80),(154,82),(157,66),(157,67),(157,92),(159,58),(159,67),(161,19),(161,66),(161,92);
/*!40000 ALTER TABLE `current_shift_engineers` ENABLE KEYS */;
UNLOCK TABLES;

--
-- Dumping data for table `next_shift_engineers`
--

LOCK TABLES `next_shift_engineers` WRITE;
/*!40000 ALTER TABLE `next_shift_engineers` DISABLE KEYS */;
INSERT INTO `next_shift_engineers` (`shift_id`, `team_member_id`) VALUES (23,27),(23,28),(23,29),(23,30),(30,36),(33,66),(33,67),(30,38),(34,39),(35,39),(36,36),(37,36),(38,39),(39,39),(40,39),(43,39),(42,10),(42,11),(42,19),(42,21),(42,27),(42,28),(42,29),(42,30),(42,39),(41,10),(41,11),(41,19),(41,21),(41,27),(41,28),(41,29),(41,30),(41,39),(44,10),(44,11),(44,19),(44,21),(44,27),(44,28),(44,29),(44,30),(44,39),(52,27),(52,28),(52,29),(52,30),(53,10),(53,11),(53,19),(53,21),(53,27),(53,28),(53,29),(53,30),(53,39),(54,10),(54,11),(54,19),(54,21),(54,27),(54,28),(54,29),(54,30),(54,39),(55,10),(55,11),(55,19),(55,21),(55,27),(55,28),(55,29),(55,30),(55,39),(56,10),(56,11),(56,19),(56,21),(56,27),(56,28),(56,29),(56,30),(56,39),(59,10),(59,11),(59,19),(59,21),(59,27),(59,28),(59,29),(59,30),(59,39),(58,10),(58,11),(58,19),(58,21),(58,27),(58,28),(58,29),(58,30),(58,39),(45,10),(45,11),(45,19),(45,21),(45,27),(45,28),(45,29),(45,30),(45,39),(57,10),(57,11),(57,19),(57,21),(57,27),(57,28),(57,29),(57,30),(57,39),(46,10),(46,11),(46,19),(46,21),(46,27),(46,28),(46,29),(46,30),(46,39),(48,10),(48,11),(48,19),(48,21),(48,27),(48,28),(48,29),(48,30),(48,39),(47,10),(47,11),(47,19),(47,21),(47,27),(47,28),(47,29),(47,30),(47,39),(49,10),(49,11),(49,19),(49,21),(49,27),(49,28),(49,29),(49,30),(49,39),(50,10),(50,11),(50,19),(50,21),(50,27),(50,28),(50,29),(50,30),(50,39),(51,10),(51,11),(51,19),(51,21),(51,27),(51,28),(51,29),(51,30),(51,39),(60,10),(60,11),(60,19),(60,21),(60,27),(60,28),(60,29),(60,30),(60,39),(61,10),(61,11),(61,19),(61,21),(61,27),(61,28),(61,29),(61,30),(61,39),(62,17),(62,18),(62,36),(63,12),(63,22),(63,23),(63,24),(63,25),(63,26),(63,37),(63,58),(64,37),(65,37),(66,37),(67,12),(67,22),(67,23),(67,24),(67,25),(67,26),(67,37),(67,58),(68,37),(69,37),(70,37),(71,10),(71,11),(71,19),(71,21),(71,27),(71,28),(71,29),(71,30),(71,39),(73,39),(74,10),(74,11),(74,19),(74,21),(74,27),(74,28),(74,29),(74,30),(74,39),(75,66),(75,67),(76,27),(76,28),(76,29),(76,30),(77,66),(78,66),(80,4),(80,7),(80,9),(80,11),(80,12),(80,15),(80,16),(80,18),(80,20),(82,4),(82,7),(82,9),(82,11),(82,12),(82,18),(82,20),(84,14),(84,17),(84,21),(83,4),(83,6),(83,7),(83,9),(83,11),(83,12),(83,15),(83,18),(83,20),(86,5),(86,13),(87,4),(87,7),(87,9),(87,11),(87,12),(87,15),(87,16),(87,18),(87,20),(88,14),(88,17),(88,21),(89,5),(89,13),(90,14),(90,17),(90,21),(91,5),(91,13),(94,14),(94,21),(95,14),(95,21),(96,67),(97,14),(97,21),(97,67),(100,4),(100,6),(100,7),(100,9),(100,11),(100,15),(99,14),(99,21),(99,67),(99,82),(99,93),(99,94),(99,95),(99,96),(101,20),(102,67),(103,5),(103,13),(106,20),(110,16),(112,20),(113,13),(113,15),(117,4),(117,5),(117,7),(117,9),(117,14),(117,18),(121,10),(121,21),(121,82),(121,93),(121,94),(121,95),(121,96),(122,4),(122,5),(122,7),(122,9),(122,12),(122,14),(122,17),(122,18),(122,20),(118,10),(118,21),(118,82),(118,93),(118,94),(118,95),(118,96),(125,58),(125,67),(125,92),(130,19),(130,66),(131,4),(131,7),(131,9),(131,14),(131,17),(131,20),(132,4),(132,7),(132,9),(132,14),(132,17),(132,20),(133,58),(133,67),(133,92),(135,10),(135,16),(135,21),(139,19),(139,66),(140,18),(141,18),(142,18),(145,19),(145,58),(146,12),(146,20),(147,12),(147,20),(148,66),(148,67),(148,92),(149,6),(149,15),(149,21),(149,68),(149,93),(149,94),(149,95),(152,6),(152,15),(152,21),(153,19),(153,58),(154,4),(154,5),(154,7),(154,9),(154,11),(154,16),(154,66),(154,67),(154,68),(154,71),(154,74),(154,77),(154,78),(154,87),(154,89),(154,92),(157,19),(157,58),(159,19),(159,66),(159,92),(161,58),(161,67);
/*!40000 ALTER TABLE `next_shift_engineers` ENABLE KEYS */;
UNLOCK TABLES;

--
-- Dumping data for table `handover_incident_response_log`
--

LOCK TABLES `handover_incident_response_log` WRITE;
/*!40000 ALTER TABLE `handover_incident_response_log` DISABLE KEYS */;
INSERT INTO `handover_incident_response_log` (`id`, `response_date`, `response_datetime`, `from_shift_type`, `to_shift_type`, `from_shift_id`, `to_shift_id`, `assigned_by_id`, `assigned_by_name`, `assigned_by_email`, `accepted_by_id`, `accepted_by_name`, `accepted_by_email`, `incident_number`, `incident_title`, `incident_description`, `incident_priority`, `incident_status`, `incident_url`, `response_status`, `response_comments`, `estimated_completion_time`, `actual_completion_time`, `requires_handover`, `handover_notes`, `handover_deadline`, `handover_completed_at`, `escalated_to_id`, `escalated_to_name`, `escalated_to_email`, `escalation_reason`, `escalation_datetime`, `account_id`, `team_id`, `created_at`, `updated_at`, `incident_type`, `incident_category`, `assignment_status`, `assignment_notes`, `assigned_at`, `responded_at`, `estimated_completion`, `actual_completion`, `handover_request_id`, `incident_assignment_id`, `incident_assignment_response_id`) VALUES (18,'2025-11-18','2025-11-25 03:21:19','Morning','Evening',30,NULL,1,'System',NULL,31,'sachin_vakhare@epam.com',NULL,'ServiceNow-1 - INC123121','ServiceNow-1 - INC123121','Testing the incidnets HO','Medium',NULL,NULL,'rejected','Dummy',NULL,NULL,0,NULL,NULL,NULL,NULL,NULL,NULL,NULL,NULL,1,2,'2025-11-18 17:44:51','2025-11-25 03:21:19','Open','Application','completed','Assigned during Morning to Evening handover | Response time: 9216 minutes | Response time: 9216 minutes','2025-11-18 17:44:51','2025-11-25 03:21:19',NULL,NULL,NULL,NULL,NULL),(19,'2025-11-18','2025-11-25 03:21:27','Morning','Evening',30,NULL,1,'System',NULL,31,'sachin_vakhare@epam.com',NULL,'INC123121','INC123121','Testing the incidnets HO','Medium',NULL,NULL,'rejected','Dummy',NULL,NULL,0,NULL,NULL,NULL,NULL,NULL,NULL,NULL,NULL,1,2,'2025-11-18 17:44:51','2025-11-25 03:21:27','Open','Application','completed','Assigned during Morning to Evening handover | Response time: 9216 minutes','2025-11-18 17:44:51','2025-11-25 03:21:27',NULL,NULL,NULL,NULL,NULL),(21,'2025-11-19','2025-11-19 08:30:42','Morning','Evening',30,NULL,1,'System',NULL,31,'sachin_vakhare@epam.com',NULL,'ServiceNow-1 - INC123121','ServiceNow-1 - INC123121','Testing the incidnets HO','Medium',NULL,NULL,'pending','',NULL,NULL,0,NULL,NULL,NULL,NULL,NULL,NULL,NULL,NULL,1,2,'2025-11-19 08:30:42','2025-11-19 08:30:42','Open','Application','pending','Assigned during Morning to Evening handover','2025-11-19 08:30:42','2025-11-19 08:30:42',NULL,NULL,NULL,NULL,NULL),(22,'2025-11-19','2025-12-08 15:02:55','Morning','Evening',30,NULL,1,'System',NULL,37,'balamanivenkatesh_gangula@epam.com',NULL,'INC00112','INC00112','Testing HO incident details','Medium',NULL,NULL,'accepted','',NULL,NULL,0,NULL,NULL,NULL,NULL,NULL,NULL,NULL,NULL,1,2,'2025-11-19 08:30:42','2025-12-08 15:02:55','Open','Application','completed','Assigned during Morning to Evening handover | Response time: 27752 minutes','2025-11-19 08:30:42','2025-12-08 15:02:55',NULL,NULL,NULL,NULL,NULL),(23,'2025-11-20','2025-11-20 14:07:22','System','System',NULL,NULL,1,'System',NULL,41,'techopsuser2',NULL,'ServiceNow-1 - INC123121','New Incident Assignment: ServiceNow-1 - INC123121','You have been assigned to handle incident: ServiceNow-1 - INC123121','Medium',NULL,NULL,'accepted','accepted',NULL,NULL,0,NULL,NULL,NULL,NULL,NULL,NULL,NULL,NULL,1,2,'2025-11-20 14:07:22','2025-11-20 14:07:22','Open','Application','completed','Response time: 1571 minutes','2025-11-19 11:55:39','2025-11-20 14:07:22',NULL,NULL,30,NULL,NULL),(24,'2025-11-24','2025-11-24 10:31:37','Evening','Night',NULL,NULL,40,'techopsuser1',NULL,43,'techopsuser4',NULL,'App12 - TESTINC123','App12 - TESTINC123','testing all good','Low',NULL,NULL,'pending','Assignment created - awaiting response',NULL,NULL,0,NULL,NULL,NULL,NULL,NULL,NULL,NULL,NULL,1,2,'2025-11-24 10:31:37','2025-11-24 10:31:37','handover','Application','pending','','2025-11-24 10:31:37','2025-11-24 10:31:37',NULL,NULL,34,2,NULL),(25,'2025-11-24','2025-11-24 10:31:38','Evening','Night',34,NULL,1,'System',NULL,39,'sean_li@epam.com',NULL,'App12 - TESTINC123','App12 - TESTINC123','testing all good','Low',NULL,NULL,'pending','',NULL,NULL,0,NULL,NULL,NULL,NULL,NULL,NULL,NULL,NULL,1,2,'2025-11-24 10:31:38','2025-11-24 10:31:38','Open','Application','pending','Assigned during Evening to Night handover','2025-11-24 10:31:37','2025-11-24 10:31:38',NULL,NULL,NULL,NULL,NULL),(26,'2025-11-24','2025-11-24 10:31:38','Evening','Night',34,NULL,1,'System',NULL,39,'sean_li@epam.com',NULL,'TESTINC123','TESTINC123','testing all good','Low',NULL,NULL,'pending',NULL,NULL,NULL,0,NULL,NULL,NULL,NULL,NULL,NULL,NULL,NULL,1,2,'2025-11-24 10:31:38','2025-11-24 10:31:38','Open','Application','pending','Assigned during Evening to Night handover','2025-11-24 10:31:37','2025-11-24 10:31:38',NULL,NULL,NULL,NULL,NULL),(27,'2025-11-24','2025-11-24 10:34:33','Evening','Night',NULL,NULL,40,'techopsuser1',NULL,43,'techopsuser4',NULL,'ServiceNow - TESTING123','ServiceNow - TESTING123','testing another draft','Low',NULL,NULL,'pending','Assignment created - awaiting response',NULL,NULL,0,NULL,NULL,NULL,NULL,NULL,NULL,NULL,NULL,1,2,'2025-11-24 10:34:33','2025-11-24 10:34:33','handover','Application','pending','','2025-11-24 10:34:33','2025-11-24 10:34:33',NULL,NULL,35,3,NULL),(28,'2025-11-24','2025-11-24 10:34:33','Evening','Night',35,NULL,1,'System',NULL,39,'sean_li@epam.com',NULL,'ServiceNow - TESTING123','ServiceNow - TESTING123','testing another draft','Low',NULL,NULL,'pending','',NULL,NULL,0,NULL,NULL,NULL,NULL,NULL,NULL,NULL,NULL,1,2,'2025-11-24 10:34:33','2025-11-24 10:34:33','Open','Application','pending','Assigned during Evening to Night handover','2025-11-24 10:34:33','2025-11-24 10:34:33',NULL,NULL,NULL,NULL,NULL),(29,'2025-11-24','2025-11-24 10:34:33','Evening','Night',35,NULL,1,'System',NULL,39,'sean_li@epam.com',NULL,'TESTING123','TESTING123','testing another draft','Low',NULL,NULL,'pending',NULL,NULL,NULL,0,NULL,NULL,NULL,NULL,NULL,NULL,NULL,NULL,1,2,'2025-11-24 10:34:33','2025-11-24 10:34:33','Open','Application','pending','Assigned during Evening to Night handover','2025-11-24 10:34:33','2025-11-24 10:34:33',NULL,NULL,NULL,NULL,NULL),(30,'2025-11-24','2025-11-24 10:37:35','Evening','Night',NULL,NULL,40,'techopsuser1',NULL,43,'techopsuser4',NULL,'ServiceNow1 - INCTESTING','ServiceNow1 - INCTESTING','Testing the draft version','Low',NULL,NULL,'pending','Assignment created - awaiting response',NULL,NULL,0,NULL,NULL,NULL,NULL,NULL,NULL,NULL,NULL,1,2,'2025-11-24 10:37:35','2025-11-24 10:37:35','handover','Application','pending','','2025-11-24 10:37:35','2025-11-24 10:37:35',NULL,NULL,38,4,NULL),(31,'2025-11-24','2025-11-24 10:37:35','Evening','Night',38,NULL,1,'System',NULL,39,'sean_li@epam.com',NULL,'ServiceNow1 - INCTESTING','ServiceNow1 - INCTESTING','Testing the draft version','Low',NULL,NULL,'pending','',NULL,NULL,0,NULL,NULL,NULL,NULL,NULL,NULL,NULL,NULL,1,2,'2025-11-24 10:37:35','2025-11-24 10:37:35','Open','Application','pending','Assigned during Evening to Night handover','2025-11-24 10:37:35','2025-11-24 10:37:35',NULL,NULL,NULL,NULL,NULL),(32,'2025-11-24','2025-11-24 10:37:35','Evening','Night',38,NULL,1,'System',NULL,39,'sean_li@epam.com',NULL,'INCTESTING','INCTESTING','Testing the draft version','Low',NULL,NULL,'pending',NULL,NULL,NULL,0,NULL,NULL,NULL,NULL,NULL,NULL,NULL,NULL,1,2,'2025-11-24 10:37:35','2025-11-24 10:37:35','Open','Application','pending','Assigned during Evening to Night handover','2025-11-24 10:37:35','2025-11-24 10:37:35',NULL,NULL,NULL,NULL,NULL),(33,'2025-11-24','2025-11-24 10:42:50','Evening','Night',NULL,NULL,40,'techopsuser1',NULL,43,'techopsuser4',NULL,'ServiceNow2 - INCTESTING2','ServiceNow2 - INCTESTING2','Testing the draft issue','Low',NULL,NULL,'pending','Assignment created - awaiting response',NULL,NULL,0,NULL,NULL,NULL,NULL,NULL,NULL,NULL,NULL,1,2,'2025-11-24 10:42:50','2025-11-24 10:42:50','handover','Application','pending','','2025-11-24 10:42:50','2025-11-24 10:42:50',NULL,NULL,39,5,NULL),(34,'2025-11-24','2025-11-24 10:42:50','Evening','Night',39,NULL,1,'System',NULL,39,'sean_li@epam.com',NULL,'ServiceNow2 - INCTESTING2','ServiceNow2 - INCTESTING2','Testing the draft issue','Low',NULL,NULL,'pending','',NULL,NULL,0,NULL,NULL,NULL,NULL,NULL,NULL,NULL,NULL,1,2,'2025-11-24 10:42:50','2025-11-24 10:42:50','Open','Application','pending','Assigned during Evening to Night handover','2025-11-24 10:42:50','2025-11-24 10:42:50',NULL,NULL,NULL,NULL,NULL),(35,'2025-11-24','2025-11-24 10:42:50','Evening','Night',39,NULL,1,'System',NULL,39,'sean_li@epam.com',NULL,'INCTESTING2','INCTESTING2','Testing the draft issue','Low',NULL,NULL,'pending',NULL,NULL,NULL,0,NULL,NULL,NULL,NULL,NULL,NULL,NULL,NULL,1,2,'2025-11-24 10:42:50','2025-11-24 10:42:50','Open','Application','pending','Assigned during Evening to Night handover','2025-11-24 10:42:50','2025-11-24 10:42:50',NULL,NULL,NULL,NULL,NULL),(36,'2025-11-24','2025-11-24 10:48:35','Evening','Night',NULL,NULL,40,'techopsuser1',NULL,43,'techopsuser4',NULL,'ServiceNow3 - INCTESTING3','ServiceNow3 - INCTESTING3','test','Low',NULL,NULL,'pending','Assignment created - awaiting response',NULL,NULL,0,NULL,NULL,NULL,NULL,NULL,NULL,NULL,NULL,1,2,'2025-11-24 10:48:35','2025-11-24 10:48:35','handover','Application','pending','','2025-11-24 10:48:35','2025-11-24 10:48:35',NULL,NULL,40,6,NULL),(37,'2025-11-24','2025-11-24 10:48:35','Evening','Night',40,NULL,1,'System',NULL,39,'sean_li@epam.com',NULL,'ServiceNow3 - INCTESTING3','ServiceNow3 - INCTESTING3','test','Low',NULL,NULL,'pending','',NULL,NULL,0,NULL,NULL,NULL,NULL,NULL,NULL,NULL,NULL,1,2,'2025-11-24 10:48:35','2025-11-24 10:48:35','Open','Application','pending','Assigned during Evening to Night handover','2025-11-24 10:48:35','2025-11-24 10:48:35',NULL,NULL,NULL,NULL,NULL),(38,'2025-11-24','2025-11-24 10:48:35','Evening','Night',40,NULL,1,'System',NULL,39,'sean_li@epam.com',NULL,'INCTESTING3','INCTESTING3','test','Low',NULL,NULL,'pending',NULL,NULL,NULL,0,NULL,NULL,NULL,NULL,NULL,NULL,NULL,NULL,1,2,'2025-11-24 10:48:35','2025-11-24 10:48:35','Open','Application','pending','Assigned during Evening to Night handover','2025-11-24 10:48:35','2025-11-24 10:48:35',NULL,NULL,NULL,NULL,NULL),(39,'2025-11-24','2025-11-24 10:51:49','Evening','Night',NULL,NULL,40,'techopsuser1',NULL,43,'techopsuser4',NULL,'ServiceNow4 - INCTESTING4','ServiceNow4 - INCTESTING4','testing draft again','Low',NULL,NULL,'pending','Assignment created - awaiting response',NULL,NULL,0,NULL,NULL,NULL,NULL,NULL,NULL,NULL,NULL,1,2,'2025-11-24 10:51:49','2025-11-24 10:51:49','handover','Application','pending','','2025-11-24 10:51:49','2025-11-24 10:51:49',NULL,NULL,41,7,NULL),(40,'2025-11-24','2025-11-24 10:57:34','Evening','Night',NULL,NULL,40,'techopsuser1',NULL,43,'techopsuser4',NULL,'ServiceNow5 - INCTESTING5','ServiceNow5 - INCTESTING5','testing draft','Low',NULL,NULL,'pending','Assignment created - awaiting response',NULL,NULL,0,NULL,NULL,NULL,NULL,NULL,NULL,NULL,NULL,1,2,'2025-11-24 10:57:34','2025-11-24 10:57:34','handover','Application','pending','','2025-11-24 10:57:34','2025-11-24 10:57:34',NULL,NULL,42,8,NULL),(41,'2025-11-24','2025-11-24 12:17:46','Evening','Night',NULL,NULL,40,'techopsuser1',NULL,43,'techopsuser4',NULL,'ServiceNow6 - TESTINC66','ServiceNow6 - TESTINC66','Testing ho','Medium',NULL,NULL,'pending','Assignment created - awaiting response',NULL,NULL,0,NULL,NULL,NULL,NULL,NULL,NULL,NULL,NULL,1,2,'2025-11-24 12:17:46','2025-11-24 12:17:46','handover','Application','pending','','2025-11-24 12:17:46','2025-11-24 12:17:46',NULL,NULL,44,9,NULL),(42,'2025-11-24','2025-11-24 12:45:48','Evening','Night',NULL,NULL,40,'techopsuser1',NULL,43,'techopsuser4',NULL,'ServiceNow7 - TESTINC77','ServiceNow7 - TESTINC77','testing the incidnets HO draft','Low',NULL,NULL,'pending','Assignment created - awaiting response',NULL,NULL,0,NULL,NULL,NULL,NULL,NULL,NULL,NULL,NULL,1,2,'2025-11-24 12:45:48','2025-11-24 12:45:48','handover','Application','pending','','2025-11-24 12:45:48','2025-11-24 12:45:48',NULL,NULL,45,10,NULL),(43,'2025-11-24','2025-11-24 12:53:43','Evening','Night',NULL,NULL,40,'techopsuser1',NULL,43,'techopsuser4',NULL,'ServiceNow8 - TESTING88','ServiceNow8 - TESTING88','testing handover report draft','Low',NULL,NULL,'pending','Assignment created - awaiting response',NULL,NULL,0,NULL,NULL,NULL,NULL,NULL,NULL,NULL,NULL,1,2,'2025-11-24 12:53:43','2025-11-24 12:53:43','handover','Application','pending','','2025-11-24 12:53:43','2025-11-24 12:53:43',NULL,NULL,46,11,NULL),(44,'2025-11-24','2025-11-24 12:58:23','Evening','Night',NULL,NULL,40,'techopsuser1',NULL,43,'techopsuser4',NULL,'ServiceNow9 - TESTING99','ServiceNow9 - TESTING99','testing another one no 8','Low',NULL,NULL,'pending','Assignment created - awaiting response',NULL,NULL,0,NULL,NULL,NULL,NULL,NULL,NULL,NULL,NULL,1,2,'2025-11-24 12:58:23','2025-11-24 12:58:23','handover','Application','pending','','2025-11-24 12:58:23','2025-11-24 12:58:23',NULL,NULL,47,12,NULL),(45,'2025-11-24','2025-11-24 13:20:31','Evening','Night',NULL,NULL,40,'techopsuser1',NULL,43,'techopsuser4',NULL,'ServiceNow10 - TESTING10','ServiceNow10 - TESTING10','testing ho 10','Low',NULL,NULL,'pending','Assignment created - awaiting response',NULL,NULL,0,NULL,NULL,NULL,NULL,NULL,NULL,NULL,NULL,1,2,'2025-11-24 13:20:31','2025-11-24 13:20:31','handover','Application','pending','','2025-11-24 13:20:31','2025-11-24 13:20:31',NULL,NULL,48,13,NULL),(46,'2025-11-24','2025-11-24 13:56:37','Evening','Night',NULL,NULL,40,'techopsuser1',NULL,43,'techopsuser4',NULL,'ServiceNow11 - TESTING11','ServiceNow11 - TESTING11','testing HO 11','Low',NULL,NULL,'pending','Assignment created - awaiting response',NULL,NULL,0,NULL,NULL,NULL,NULL,NULL,NULL,NULL,NULL,1,2,'2025-11-24 13:56:37','2025-11-24 13:56:37','handover','Application','pending','','2025-11-24 13:56:37','2025-11-24 13:56:37',NULL,NULL,49,14,NULL),(47,'2025-11-24','2025-11-24 14:05:30','Evening','Night',NULL,NULL,40,'techopsuser1',NULL,43,'techopsuser4',NULL,'ServiceNow12 - TESTING123','ServiceNow12 - TESTING123','testing HO 12','Medium',NULL,NULL,'pending','Assignment created - awaiting response',NULL,NULL,0,NULL,NULL,NULL,NULL,NULL,NULL,NULL,NULL,1,2,'2025-11-24 14:05:30','2025-11-24 14:05:30','handover','Application','pending','','2025-11-24 14:05:30','2025-11-24 14:05:30',NULL,NULL,50,15,NULL),(48,'2025-11-24','2025-11-24 14:12:01','Evening','Night',NULL,NULL,40,'techopsuser1',NULL,43,'techopsuser4',NULL,'ServiceNow13 - TESTING113','ServiceNow13 - TESTING113','testing HO draft 13','Low',NULL,NULL,'pending','Assignment created - awaiting response',NULL,NULL,0,NULL,NULL,NULL,NULL,NULL,NULL,NULL,NULL,1,2,'2025-11-24 14:12:01','2025-11-24 14:12:01','handover','Application','pending','','2025-11-24 14:12:01','2025-11-24 14:12:01',NULL,NULL,51,16,NULL),(49,'2025-11-24','2025-11-24 16:37:24','Evening','Night',NULL,NULL,40,'techopsuser1',NULL,43,'techopsuser4',NULL,'ServiceNow14 - TESTING114','ServiceNow14 - TESTING114','testing ho 14','Low',NULL,NULL,'pending','Assignment created - awaiting response',NULL,NULL,0,NULL,NULL,NULL,NULL,NULL,NULL,NULL,NULL,1,2,'2025-11-24 16:37:25','2025-11-24 16:37:25','handover','Application','pending','','2025-11-24 16:37:24','2025-11-24 16:37:24',NULL,NULL,53,17,NULL),(50,'2025-11-24','2025-11-24 16:59:09','Evening','Night',NULL,NULL,40,'techopsuser1',NULL,43,'techopsuser4',NULL,'SNOW-15 - INCTEST15','SNOW-15 - INCTEST15','testing HO test15','Low',NULL,NULL,'pending','Assignment created - awaiting response',NULL,NULL,0,NULL,NULL,NULL,NULL,NULL,NULL,NULL,NULL,1,2,'2025-11-24 16:59:09','2025-11-24 16:59:09','handover','Application','pending','','2025-11-24 16:59:09','2025-11-24 16:59:09',NULL,NULL,54,18,NULL),(51,'2025-11-24','2025-11-24 16:59:09','Evening','Night',NULL,NULL,40,'techopsuser1',NULL,43,'techopsuser4',NULL,'App-145 - TESTINC15421','App-145 - TESTINC15421','testing ho incidnets 15','Medium',NULL,NULL,'pending','Assignment created - awaiting response',NULL,NULL,0,NULL,NULL,NULL,NULL,NULL,NULL,NULL,NULL,1,2,'2025-11-24 16:59:09','2025-11-24 16:59:09','handover','Application','pending','','2025-11-24 16:59:09','2025-11-24 16:59:09',NULL,NULL,54,19,NULL),(52,'2025-11-24','2025-11-24 17:20:56','Evening','Night',NULL,NULL,40,'techopsuser1',NULL,43,'techopsuser4',NULL,'SNOW-15 - INCTEST151','SNOW-15 - INCTEST151','fdgfhdsh','Low',NULL,NULL,'pending','Assignment created - awaiting response',NULL,NULL,0,NULL,NULL,NULL,NULL,NULL,NULL,NULL,NULL,1,2,'2025-11-24 17:20:56','2025-11-24 17:20:56','handover','Application','pending','','2025-11-24 17:20:56','2025-11-24 17:20:56',NULL,NULL,55,20,NULL),(53,'2025-11-24','2025-11-24 17:20:56','Evening','Night',NULL,NULL,40,'techopsuser1',NULL,43,'techopsuser4',NULL,'App-145 - TESTINC154211','App-145 - TESTINC154211','dgagdfadg','Medium',NULL,NULL,'pending','Assignment created - awaiting response',NULL,NULL,0,NULL,NULL,NULL,NULL,NULL,NULL,NULL,NULL,1,2,'2025-11-24 17:20:56','2025-11-24 17:20:56','handover','Application','pending','','2025-11-24 17:20:56','2025-11-24 17:20:56',NULL,NULL,55,21,NULL),(54,'2025-11-24','2025-11-24 17:31:14','Evening','Night',NULL,NULL,40,'techopsuser1',NULL,43,'techopsuser4',NULL,'SNOW-16 - INCTEST1511','SNOW-16 - INCTEST1511','dsagfgsaf','Low',NULL,NULL,'pending','Assignment created - awaiting response',NULL,NULL,0,NULL,NULL,NULL,NULL,NULL,NULL,NULL,NULL,1,2,'2025-11-24 17:31:14','2025-11-24 17:31:14','handover','Application','pending','','2025-11-24 17:31:14','2025-11-24 17:31:14',NULL,NULL,56,22,NULL),(55,'2025-11-24','2025-11-24 17:43:20','Evening','Night',NULL,NULL,40,'techopsuser1',NULL,43,'techopsuser4',NULL,'SNOW-17 - INCTEST1517','SNOW-17 - INCTEST1517','asd;gf;g;gfk;fkg;agadgbf','Low',NULL,NULL,'pending','Assignment created - awaiting response',NULL,NULL,0,NULL,NULL,NULL,NULL,NULL,NULL,NULL,NULL,1,2,'2025-11-24 17:43:20','2025-11-24 17:43:20','handover','Application','pending','','2025-11-24 17:43:20','2025-11-24 17:43:20',NULL,NULL,57,23,NULL),(56,'2025-11-24','2025-11-24 17:47:40','Evening','Night',NULL,NULL,40,'techopsuser1',NULL,43,'techopsuser4',NULL,'SNOW-17 - INCTEST1517','SNOW-17 - INCTEST1517','asd;gf;g;gfk;fkg;agadgbf','Low',NULL,NULL,'pending','Assignment created - awaiting response',NULL,NULL,0,NULL,NULL,NULL,NULL,NULL,NULL,NULL,NULL,1,2,'2025-11-24 17:47:40','2025-11-24 17:47:40','handover','Application','pending','','2025-11-24 17:47:40','2025-11-24 17:47:40',NULL,NULL,58,24,NULL),(57,'2025-11-24','2025-11-24 17:47:40','Evening','Night',NULL,NULL,40,'techopsuser1',NULL,43,'techopsuser4',NULL,'App-147 - TESTINC117','App-147 - TESTINC117','dsgzgbhafhbdfh','Medium',NULL,NULL,'pending','Assignment created - awaiting response',NULL,NULL,0,NULL,NULL,NULL,NULL,NULL,NULL,NULL,NULL,1,2,'2025-11-24 17:47:40','2025-11-24 17:47:40','handover','Application','pending','','2025-11-24 17:47:40','2025-11-24 17:47:40',NULL,NULL,58,25,NULL),(58,'2025-11-24','2025-11-24 17:51:13','Evening','Night',NULL,NULL,40,'techopsuser1',NULL,43,'techopsuser4',NULL,'SNOW-17 - INCTEST1517','SNOW-17 - INCTEST1517','asd;gf;g;gfk;fkg;agadgbf','Low',NULL,NULL,'pending','Assignment created - awaiting response',NULL,NULL,0,NULL,NULL,NULL,NULL,NULL,NULL,NULL,NULL,1,2,'2025-11-24 17:51:13','2025-11-24 17:51:13','handover','Application','pending','','2025-11-24 17:51:13','2025-11-24 17:51:13',NULL,NULL,59,26,NULL),(59,'2025-11-24','2025-11-24 17:51:13','Evening','Night',NULL,NULL,40,'techopsuser1',NULL,43,'techopsuser4',NULL,'App-147 - TESTINC117','App-147 - TESTINC117','dsgzgbhafhbdfh','Medium',NULL,NULL,'pending','Assignment created - awaiting response',NULL,NULL,0,NULL,NULL,NULL,NULL,NULL,NULL,NULL,NULL,1,2,'2025-11-24 17:51:13','2025-11-24 17:51:13','handover','Application','pending','','2025-11-24 17:51:13','2025-11-24 17:51:13',NULL,NULL,59,27,NULL),(60,'2025-11-24','2025-11-24 18:02:41','Evening','Night',NULL,NULL,40,'techopsuser1',NULL,43,'techopsuser4',NULL,'HOService-1 - TESTINC188','HOService-1 - TESTINC188','testing anldjasgjfgljdfg','Low',NULL,NULL,'pending','Assignment created - awaiting response',NULL,NULL,0,NULL,NULL,NULL,NULL,NULL,NULL,NULL,NULL,1,2,'2025-11-24 18:02:41','2025-11-24 18:02:41','handover','Application','pending','','2025-11-24 18:02:41','2025-11-24 18:02:41',NULL,NULL,60,28,NULL),(61,'2025-11-24','2025-11-24 18:02:41','Evening','Night',NULL,NULL,40,'techopsuser1',NULL,43,'techopsuser4',NULL,'HOService-4 - TESIII112','HOService-4 - TESIII112','asdgagffdg','Medium',NULL,NULL,'pending','Assignment created - awaiting response',NULL,NULL,0,NULL,NULL,NULL,NULL,NULL,NULL,NULL,NULL,1,2,'2025-11-24 18:02:41','2025-11-24 18:02:41','handover','Application','pending','','2025-11-24 18:02:41','2025-11-24 18:02:41',NULL,NULL,60,29,NULL),(62,'2025-11-24','2025-11-24 18:16:14','Evening','Night',NULL,NULL,40,'techopsuser1',NULL,43,'techopsuser4',NULL,'HOService-12 - TESTINC189','HOService-12 - TESTINC189','dagdfagfdhafdhfdh','Low',NULL,NULL,'pending','Assignment created - awaiting response',NULL,NULL,0,NULL,NULL,NULL,NULL,NULL,NULL,NULL,NULL,1,2,'2025-11-24 18:16:14','2025-11-24 18:16:14','handover','Application','pending','','2025-11-24 18:16:14','2025-11-24 18:16:14',NULL,NULL,61,30,NULL),(63,'2025-11-24','2025-11-24 18:16:14','Evening','Night',NULL,NULL,40,'techopsuser1',NULL,43,'techopsuser4',NULL,'HOService-42 - TESIII1129','HOService-42 - TESIII1129','agdadfgdfg','Medium',NULL,NULL,'pending','Assignment created - awaiting response',NULL,NULL,0,NULL,NULL,NULL,NULL,NULL,NULL,NULL,NULL,1,2,'2025-11-24 18:16:14','2025-11-24 18:16:14','handover','Application','pending','','2025-11-24 18:16:14','2025-11-24 18:16:14',NULL,NULL,61,31,NULL),(64,'2025-11-24','2025-11-24 19:53:02','Night','Morning',NULL,NULL,40,'techopsuser1',NULL,40,'techopsuser1',NULL,'HOService-13 - TESTINC1891','HOService-13 - TESTINC1891','gfdgagfdghfgf','Low',NULL,NULL,'accepted','ACCEPTED',NULL,NULL,0,NULL,NULL,NULL,NULL,NULL,NULL,NULL,NULL,1,2,'2025-11-24 18:28:08','2025-11-24 19:53:02','handover','Application','completed','Response time: 84 minutes','2025-11-24 18:28:08','2025-11-24 19:53:02',NULL,NULL,62,32,NULL),(65,'2025-11-24','2025-11-24 19:53:10','Night','Morning',NULL,NULL,40,'techopsuser1',NULL,40,'techopsuser1',NULL,'HOService-43 - TESIII1123','HOService-43 - TESIII1123','agfdgvfdagb','Medium',NULL,NULL,'accepted','REJECTED',NULL,NULL,0,NULL,NULL,NULL,NULL,NULL,NULL,NULL,NULL,1,2,'2025-11-24 18:28:08','2025-11-24 19:53:10','handover','Application','completed','Response time: 85 minutes','2025-11-24 18:28:08','2025-11-24 19:53:10',NULL,NULL,62,33,NULL),(66,'2025-11-24','2025-11-24 18:34:53','Night','Morning',NULL,NULL,40,'techopsuser1',NULL,41,'techopsuser2',NULL,'HOService-14 - TESTINC18914','HOService-14 - TESTINC18914','dsgfaghfdhg','Low',NULL,NULL,'pending','Assignment created - awaiting response',NULL,NULL,0,NULL,NULL,NULL,NULL,NULL,NULL,NULL,NULL,1,2,'2025-11-24 18:34:53','2025-11-24 18:34:53','handover','Application','pending','','2025-11-24 18:34:53','2025-11-24 18:34:53',NULL,NULL,63,34,NULL),(67,'2025-11-24','2025-11-24 18:34:53','Night','Morning',NULL,NULL,40,'techopsuser1',NULL,41,'techopsuser2',NULL,'HOService-44 - TESIII11244','HOService-44 - TESIII11244','asdgfdghbadg','Medium',NULL,NULL,'pending','Assignment created - awaiting response',NULL,NULL,0,NULL,NULL,NULL,NULL,NULL,NULL,NULL,NULL,1,2,'2025-11-24 18:34:53','2025-11-24 18:34:53','handover','Application','pending','','2025-11-24 18:34:53','2025-11-24 18:34:53',NULL,NULL,63,35,NULL),(68,'2025-11-24','2025-11-24 18:40:34','Night','Morning',NULL,NULL,40,'techopsuser1',NULL,41,'techopsuser2',NULL,'HOService-15 - TESTINC18915','HOService-15 - TESTINC18915','gadgf','Low',NULL,NULL,'pending','Assignment created - awaiting response',NULL,NULL,0,NULL,NULL,NULL,NULL,NULL,NULL,NULL,NULL,1,2,'2025-11-24 18:40:34','2025-11-24 18:40:34','handover','Application','pending','','2025-11-24 18:40:34','2025-11-24 18:40:34',NULL,NULL,64,36,NULL),(69,'2025-11-24','2025-11-24 18:40:34','Night','Morning',NULL,NULL,40,'techopsuser1',NULL,41,'techopsuser2',NULL,'HOService-55 - TESIII11255','HOService-55 - TESIII11255','adfgfdghdfgh','Medium',NULL,NULL,'pending','Assignment created - awaiting response',NULL,NULL,0,NULL,NULL,NULL,NULL,NULL,NULL,NULL,NULL,1,2,'2025-11-24 18:40:34','2025-11-24 18:40:34','handover','Application','pending','','2025-11-24 18:40:34','2025-11-24 18:40:34',NULL,NULL,64,37,NULL),(70,'2025-11-24','2025-11-24 18:49:57','Night','Morning',NULL,NULL,40,'techopsuser1',NULL,41,'techopsuser2',NULL,'HOService-16 - TESTINC18916','HOService-16 - TESTINC18916','FDGGDAGHGF','Low',NULL,NULL,'pending','Assignment created - awaiting response',NULL,NULL,0,NULL,NULL,NULL,NULL,NULL,NULL,NULL,NULL,1,2,'2025-11-24 18:49:57','2025-11-24 18:49:57','handover','Application','pending','','2025-11-24 18:49:57','2025-11-24 18:49:57',NULL,NULL,65,38,NULL),(71,'2025-11-24','2025-11-24 18:49:57','Night','Morning',NULL,NULL,40,'techopsuser1',NULL,41,'techopsuser2',NULL,'HOService-56 - TESIII11266','HOService-56 - TESIII11266','DGAFDGAGFDGFFD','Medium',NULL,NULL,'pending','Assignment created - awaiting response',NULL,NULL,0,NULL,NULL,NULL,NULL,NULL,NULL,NULL,NULL,1,2,'2025-11-24 18:49:57','2025-11-24 18:49:57','handover','Application','pending','','2025-11-24 18:49:57','2025-11-24 18:49:57',NULL,NULL,65,39,NULL),(72,'2025-11-24','2025-11-24 18:54:58','Night','Morning',NULL,NULL,40,'techopsuser1',NULL,41,'techopsuser2',NULL,'HOService-17 - TESTINC18917','HOService-17 - TESTINC18917','GFADGSDGHSFDGHFDDF','Low',NULL,NULL,'pending','Assignment created - awaiting response',NULL,NULL,0,NULL,NULL,NULL,NULL,NULL,NULL,NULL,NULL,1,2,'2025-11-24 18:54:58','2025-11-24 18:54:58','handover','Application','pending','','2025-11-24 18:54:58','2025-11-24 18:54:58',NULL,NULL,66,40,NULL),(73,'2025-11-24','2025-11-24 18:54:58','Night','Morning',NULL,NULL,40,'techopsuser1',NULL,41,'techopsuser2',NULL,'HOService-57 - TESIII11277','HOService-57 - TESIII11277','GASDGADFGGFDG','Medium',NULL,NULL,'pending','Assignment created - awaiting response',NULL,NULL,0,NULL,NULL,NULL,NULL,NULL,NULL,NULL,NULL,1,2,'2025-11-24 18:54:58','2025-11-24 18:54:58','handover','Application','pending','','2025-11-24 18:54:58','2025-11-24 18:54:58',NULL,NULL,66,41,NULL),(74,'2025-11-24','2025-11-24 19:33:23','Evening','Night',NULL,NULL,40,'techopsuser1',NULL,43,'techopsuser4',NULL,'ServiceNow-20 - TESTINC2025','ServiceNow-20 - TESTINC2025','ASDGADGSAGFAG','Low',NULL,NULL,'pending','Assignment created - awaiting response',NULL,NULL,0,NULL,NULL,NULL,NULL,NULL,NULL,NULL,NULL,1,2,'2025-11-24 19:33:23','2025-11-24 19:33:23','handover','Application','pending','','2025-11-24 19:33:23','2025-11-24 19:33:23',NULL,NULL,71,42,NULL),(75,'2025-11-24','2025-11-24 19:33:23','Evening','Night',NULL,NULL,40,'techopsuser1',NULL,43,'techopsuser4',NULL,'ServiceNow-23 - TESTINCHO12','ServiceNow-23 - TESTINCHO12','FDSGADFGFDHGFD','Medium',NULL,NULL,'pending','Assignment created - awaiting response',NULL,NULL,0,NULL,NULL,NULL,NULL,NULL,NULL,NULL,NULL,1,2,'2025-11-24 19:33:23','2025-11-24 19:33:23','handover','Application','pending','','2025-11-24 19:33:23','2025-11-24 19:33:23',NULL,NULL,71,43,NULL),(76,'2025-11-24','2025-11-24 19:53:37','System','System',NULL,NULL,1,'System',NULL,1,'superadmin',NULL,'ServiceNow5 - INCTESTING5','New Incident Assignment: ServiceNow5 - INCTESTING5','You have been assigned incident ServiceNow5 - INCTESTING5 with priority Low from the Evening shift on 2025-11-24 (Note: Originally assigned to , but notification sent to superadmin as fallback)','Medium',NULL,NULL,'accepted','ACCEPTED',NULL,NULL,0,NULL,NULL,NULL,NULL,NULL,NULL,NULL,NULL,1,2,'2025-11-24 19:53:37','2025-11-24 19:53:37','Open','Application','completed','Response time: 482 minutes','2025-11-24 11:50:43','2025-11-24 19:53:37',NULL,NULL,43,NULL,NULL),(77,'2025-11-24','2025-11-24 19:53:41','System','System',NULL,NULL,1,'System',NULL,1,'superadmin',NULL,'App-4 - TESTINC58','New Incident Assignment: App-4 - TESTINC58','You have been assigned incident App-4 - TESTINC58 with priority Medium from the Morning shift on 2025-11-24 (Note: Originally assigned to , but notification sent to superadmin as fallback)','Medium',NULL,NULL,'rejected','ACCEPTED',NULL,NULL,0,NULL,NULL,NULL,NULL,NULL,NULL,NULL,NULL,1,2,'2025-11-24 19:53:41','2025-11-24 19:53:41','Open','Application','completed','Response time: 574 minutes','2025-11-24 10:19:36','2025-11-24 19:53:41',NULL,NULL,30,NULL,NULL),(78,'2025-11-24','2025-11-24 19:53:43','System','System',NULL,NULL,1,'System',NULL,1,'superadmin',NULL,'SNOW-1 - TESTINC28','New Incident Assignment: SNOW-1 - TESTINC28','You have been assigned incident SNOW-1 - TESTINC28 with priority Low from the Morning shift on 2025-11-24 (Note: Originally assigned to , but notification sent to superadmin as fallback)','Medium',NULL,NULL,'accepted','ACCEPTED',NULL,NULL,0,NULL,NULL,NULL,NULL,NULL,NULL,NULL,NULL,1,2,'2025-11-24 19:53:43','2025-11-24 19:53:43','Open','Application','completed','Response time: 574 minutes','2025-11-24 10:19:36','2025-11-24 19:53:43',NULL,NULL,30,NULL,NULL),(79,'2025-12-05','2025-12-05 12:20:24','System','System',NULL,NULL,1,'System',NULL,1,'superadmin',NULL,'ServiceNow1 - TESTINC123','New Incident Assignment: ServiceNow1 - TESTINC123','You have been assigned incident ServiceNow1 - TESTINC123 with priority Low from the Morning shift on 2025-12-05 (Note: Originally assigned to , but notification sent to superadmin as fallback)','Medium',NULL,NULL,'accepted','test',NULL,NULL,0,NULL,NULL,NULL,NULL,NULL,NULL,NULL,NULL,1,2,'2025-12-05 12:20:24','2025-12-05 12:20:24','Open','Application','completed','Response time: 39 minutes','2025-12-05 11:41:02','2025-12-05 12:20:24',NULL,NULL,98,NULL,NULL),(80,'2025-12-12','2025-12-12 16:26:03','Evening','Night',NULL,NULL,50,'atharva_tiwari@epam.com',NULL,61,'garima_singh3@epam.com',NULL,'Vo-collect - INC5434269','Vo-collect - INC5434269','Vocollect Airport is Down for prd120\r\nWe checked it it\'s a false alert everything is up and running. Hence we are closing the ticket','Low',NULL,NULL,'pending','Assignment created - awaiting response',NULL,NULL,0,NULL,NULL,NULL,NULL,NULL,NULL,NULL,NULL,3,5,'2025-12-12 16:26:03','2025-12-12 16:26:03','handover','Application','pending','','2025-12-12 16:26:03','2025-12-12 16:26:03',NULL,NULL,135,44,NULL),(81,'2025-12-12','2025-12-12 16:26:03','Evening','Night',135,NULL,1,'System',NULL,61,'garima_singh3@epam.com',NULL,'Vo-collect - INC5434269','Vo-collect - INC5434269','Vocollect Airport is Down for prd120\r\nWe checked it it\'s a false alert everything is up and running. Hence we are closing the ticket','Low',NULL,NULL,'pending','',NULL,NULL,0,NULL,NULL,NULL,NULL,NULL,NULL,NULL,NULL,3,5,'2025-12-12 16:26:03','2025-12-12 16:26:03','Open','Application','pending','Assigned during Evening to Night handover','2025-12-12 16:26:03','2025-12-12 16:26:03',NULL,NULL,NULL,NULL,NULL),(82,'2025-12-12','2025-12-12 16:26:03','Evening','Night',135,NULL,1,'System',NULL,61,'garima_singh3@epam.com',NULL,'INC5434269','INC5434269','Vocollect Airport is Down for prd120\r\nWe checked it it\'s a false alert everything is up and running. Hence we are closing the ticket','Low',NULL,NULL,'pending',NULL,NULL,NULL,0,NULL,NULL,NULL,NULL,NULL,NULL,NULL,NULL,3,5,'2025-12-12 16:26:03','2025-12-12 16:26:03','Open','Application','pending','Assigned during Evening to Night handover','2025-12-12 16:26:03','2025-12-12 16:26:03',NULL,NULL,NULL,NULL,NULL),(83,'2025-12-20','2025-12-20 16:24:10','Evening','Night',158,NULL,1,'System',NULL,20,'sreenivasula_bommireddy@epam.com',NULL,'INC5444402 ','INC5444402 ','problem in the processing of orders we do in MyTR 2.0.','Medium',NULL,NULL,'pending',NULL,NULL,NULL,0,NULL,NULL,NULL,NULL,NULL,NULL,NULL,NULL,3,5,'2025-12-20 16:24:10','2025-12-20 16:24:10','Open','Application','pending','Assigned during Evening to Night handover','2025-12-20 16:24:09','2025-12-20 16:24:10',NULL,NULL,NULL,NULL,NULL);
/*!40000 ALTER TABLE `handover_incident_response_log` ENABLE KEYS */;
UNLOCK TABLES;
/*!40103 SET TIME_ZONE=@OLD_TIME_ZONE */;

/*!40101 SET SQL_MODE=@OLD_SQL_MODE */;
/*!40014 SET FOREIGN_KEY_CHECKS=@OLD_FOREIGN_KEY_CHECKS */;
/*!40014 SET UNIQUE_CHECKS=@OLD_UNIQUE_CHECKS */;
/*!40101 SET CHARACTER_SET_CLIENT=@OLD_CHARACTER_SET_CLIENT */;
/*!40101 SET CHARACTER_SET_RESULTS=@OLD_CHARACTER_SET_RESULTS */;
/*!40101 SET COLLATION_CONNECTION=@OLD_COLLATION_CONNECTION */;
/*!40111 SET SQL_NOTES=@OLD_SQL_NOTES */;

-- Dump completed on 2025-12-23  1:48:03
