-- MySQL dump 10.13  Distrib 8.0.43, for Linux (x86_64)
--
-- Host: localhost    Database: shift_handover
-- ------------------------------------------------------
-- Server version	8.0.43

/*!40101 SET @OLD_CHARACTER_SET_CLIENT=@@CHARACTER_SET_CLIENT */;
/*!40101 SET @OLD_CHARACTER_SET_RESULTS=@@CHARACTER_SET_RESULTS */;
/*!40101 SET @OLD_COLLATION_CONNECTION=@@COLLATION_CONNECTION */;
/*!50503 SET NAMES utf8mb4 */;
/*!40103 SET @OLD_TIME_ZONE=@@TIME_ZONE */;
/*!40103 SET TIME_ZONE='+00:00' */;
/*!40014 SET @OLD_UNIQUE_CHECKS=@@UNIQUE_CHECKS, UNIQUE_CHECKS=0 */;
/*!40014 SET @OLD_FOREIGN_KEY_CHECKS=@@FOREIGN_KEY_CHECKS, FOREIGN_KEY_CHECKS=0 */;
/*!40101 SET @OLD_SQL_MODE=@@SQL_MODE, SQL_MODE='NO_AUTO_VALUE_ON_ZERO' */;
/*!40111 SET @OLD_SQL_NOTES=@@SQL_NOTES, SQL_NOTES=0 */;

--
-- Dumping data for table `account`
--

LOCK TABLES `account` WRITE;
/*!40000 ALTER TABLE `account` DISABLE KEYS */;
INSERT INTO `account` (`id`, `name`, `is_active`, `status`, `created_at`, `updated_at`) VALUES (1,'TechCorp Solutions',1,'active','2025-11-18 09:12:00','2025-11-18 09:12:00'),(2,'Global Innovations',0,'deleted','2025-11-18 09:12:00','2025-11-18 09:12:00'),(3,'CTC',1,'active','2025-11-18 09:12:00','2025-11-18 09:12:00'),(4,'Default Account',0,'deleted','2025-11-18 09:12:00','2025-11-18 09:12:00');
/*!40000 ALTER TABLE `account` ENABLE KEYS */;
UNLOCK TABLES;

--
-- Dumping data for table `team`
--

LOCK TABLES `team` WRITE;
/*!40000 ALTER TABLE `team` DISABLE KEYS */;
INSERT INTO `team` (`id`, `name`, `is_active`, `status`, `account_id`) VALUES (1,'Development Team',0,'deleted',1),(2,'Operations Team',1,'active',1),(3,'Cloud Infrastructure',0,'deleted',2),(4,'Security Team',0,'deleted',2),(5,'Supply Chain-L2',1,'active',3),(6,'Store Tech-L2',1,'active',3),(7,'Merc Corp-L2',1,'active',3),(8,'Store Tech - DBA',0,'deleted',3),(9,'Supply Chain - DBA',0,'deleted',3),(10,'Merch Corp - DBA',0,'deleted',3),(11,'Digital TMS - DBA',0,'deleted',3),(12,'DBA',1,'active',3),(13,'L2 Monitoring',1,'active',3);
/*!40000 ALTER TABLE `team` ENABLE KEYS */;
UNLOCK TABLES;

--
-- Dumping data for table `user`
--

LOCK TABLES `user` WRITE;
/*!40000 ALTER TABLE `user` DISABLE KEYS */;
INSERT INTO `user` (`id`, `username`, `email`, `password`, `role`, `is_active`, `status`, `account_id`, `team_id`, `first_name`, `last_name`, `profile_picture`, `first_login`, `onboarding_completed`, `last_login`, `created_at`, `updated_at`) VALUES (1,'superadmin','admin@shifthandover.com','scrypt:32768:8:1$SVoJSSnQcJUvBoML$7ad26b5b6b85be34a7e59a50c3f82c5b4efe9e447eb64f7c7e27c7dd604d4cd2f16474917af9361a675deb21bd9869789f2dc9f84a6f3d8083865edd32ac9f4c','super_admin',1,'active',1,2,'Admin','',NULL,0,1,'2025-12-23 01:32:50','2025-11-03 01:21:44','2025-12-23 01:32:49'),(2,'techcorp_admin','admin@techcorp.com','scrypt:32768:8:1$FOBkUAaYV2Xl0KxL$30c5eac664b1736018a320c63d34afb4f9ad3dd6c96dcf82d18596c1d60e5c7a42ed0d3901a254215cf4d96290ed6f9541af9f8534cc71255c515dec5b6c9750','account_admin',1,'active',1,2,'Admin','',NULL,1,0,NULL,'2025-11-03 01:21:50','2025-11-18 13:54:11'),(5,'ops_team_admin','ops.admin@techcorp.com','scrypt:32768:8:1$xTtycTXLalHq1LkM$beeb6e3352a41c7f8ff9f3aeaa0e3a1e2d00c8c05526620cf1048aa79f2cb242719cec558a87bab51d8124b0ca2db0343e5df1f54492bfa00da5e580068fa046','team_admin',1,'active',1,2,'Ops','Admin',NULL,1,0,NULL,'2025-11-03 01:21:50','2025-11-03 01:21:50'),(12,'david_ops','david@techcorp.com','scrypt:32768:8:1$5BEuZs9W32fglFsE$053c7386473b7a8161c528d0c1755a0caf2d1009d9bc449830e0ea6b2d19127cadcdc66ceb58af95ec5c7caeca257a15e3a64a3103d8f875aef4501317531eab','user',0,'active',NULL,NULL,'David',NULL,NULL,1,0,NULL,'2025-11-03 01:21:50','2025-11-21 12:30:23'),(18,'sajid_mohammad@epam.com','sajid_mohammad@epam.com','','super_admin',1,'active',NULL,NULL,'Sajid','Mohammad','https://static.cdn.epam.com/avatar/ab5afea5f2586a317f26e2539662f8ad.jpg',0,1,'2025-12-17 16:31:10','2025-11-03 01:21:44','2025-12-17 16:31:09'),(19,'saiprashanth_korthiwada@epam.com','saiprashanth_korthiwada@epam.com','','user',1,'active',3,5,'Saiprashanth','Korthiwada',NULL,1,0,NULL,'2025-11-03 01:21:50','2025-11-03 01:21:50'),(20,'sreenivasula_bommireddy@epam.com','sreenivasula_bommireddy@epam.com','','user',1,'active',3,5,'Sreenivasula','Bommireddy',NULL,1,0,NULL,'2025-11-03 01:21:50','2025-11-03 01:21:50'),(21,'manoj_korupolu@epam.com','manoj_korupolu@epam.com','','account_admin',1,'active',3,13,'Manoj','Korupolu','https://static.cdn.epam.com/avatar/dbe626cd2a085910560e4bdb527c7ec5.jpg',0,0,'2025-12-04 14:33:06','2025-11-03 01:21:50','2025-12-08 07:59:03'),(22,'temp_admin','temp.admin@test.com','scrypt:32768:8:1$n12MawePTnZp3BHG$531edb8064e66f138b7d3a76e70eb471006ebb2eca4465e21e77211c0b59f149417562841ac1439ca87bdf4a7880c0374618979d363ad42d07a6319bc804dfe7','super_admin',0,'disabled',4,2,'Temporary','Admin',NULL,0,1,NULL,'2025-11-03 01:21:44','2025-11-20 14:41:45'),(23,'ankit_raghuwanshi@epam.com','Ankit_Raghuwanshi@epam.com','','user',1,'active',1,2,'Ankit','Raghuwanshi','https://static.cdn.epam.com/avatar/dd9e7ff490e92125a83cc362ad9182a3.jpg',0,0,'2025-12-16 08:55:37','2025-11-03 01:21:50','2025-12-16 08:55:36'),(24,'sandeep_kumar7@epam.com','Sandeep_Kumar7@epam.com','','super_admin',1,'active',1,2,NULL,NULL,NULL,0,1,NULL,'2025-11-03 01:21:44','2025-11-18 13:54:11'),(25,'irfan_shaik@epam.com','Irfan_Shaik@epam.com','','super_admin',1,'active',1,2,NULL,NULL,NULL,0,1,NULL,'2025-11-03 01:21:44','2025-11-18 13:54:11'),(26,'testuser','testuser@epam.com','scrypt:32768:8:1$zdjqwnXFYue29Wkz$ee4541d0c8033ebaa72dc4cb1727a01c27d620b3b9f20ae8baa517010af1b059192aba829514ffcb5bf2aff8bb96e73047c05f888502e422342bcc8fa6585658','user',0,'disabled',1,2,'Test','User',NULL,0,1,'2025-11-03 02:16:13','2025-11-03 01:21:44','2025-11-20 14:41:21'),(27,'manjeet_singh1@epam.com','manjeet_singh1@epam.com','','user',1,'active',3,7,'Manjeet','Singh1','https://static.cdn.epam.com/avatar/2af44e312142e1bdae10373886a2e1be.jpg',0,1,'2025-11-03 12:54:03','2025-11-03 12:53:32','2025-11-03 12:54:02'),(28,'manoj_rout@epam.com','Manoj_Rout@epam.com','','team_admin',1,'active',3,12,'Manoj','Rout','https://static.cdn.epam.com/avatar/7dbdf16c4ae07086291279c19b320fae.jpg',0,1,'2025-11-12 14:27:21','2025-11-05 10:41:17','2025-11-12 14:27:20'),(29,'sajid','Sajid.Mohammad@cantire.com','scrypt:32768:8:1$o85RB4qlbl5hgO8J$5bf0e68ff3f1de3c1010d66065492275987119726bee98bcb4c76dc3fa9df86fa17e0f6e2a3e5b5ea80ccedd39c4028f0575774425e5f3040a78acf5d6562883','user',0,'deleted',3,5,'Sajid','Mohammad',NULL,1,0,NULL,'2025-11-06 17:08:01','2025-11-18 14:19:16'),(30,'ctctestuser','ctctestuser@example.com','scrypt:32768:8:1$uiauQ9BJONR0khLG$41fe8f8651642c3141300ca6c7f2667cf5a35f46be9a4d6f896b6ba4394448584eb4fd2a6979e6e71838c22ee90099eb50e737dfabb769cdf0e770354ba9d78c','user',1,'active',3,5,'ctc','testuser',NULL,0,0,'2025-12-11 02:45:56','2025-11-06 17:11:30','2025-12-11 02:45:55'),(31,'sachin_vakhare@epam.com','sachin_vakhare@epam.com','','user',1,'active',3,12,'Sachin','Vakhare','https://static.cdn.epam.com/avatar/640bb403f48c75118b346fec5bce6300.jpg',0,1,'2025-12-22 16:11:45','2025-11-07 05:19:48','2025-12-22 16:11:44'),(32,'techopstestuser','techopstestuser@example.com','scrypt:32768:8:1$0pVU4SnRjmp8IO20$9d8fcdc28e4e581f8381f4ee47a4430ede3840a0c4280f4e14bf5502bb9f2e45858309ccc734509b3e2b8b16ad28c99baee241d20516886e228d4295772a1293','user',0,'disabled',NULL,NULL,'techops','usertest',NULL,1,0,'2025-11-07 14:31:37','2025-11-07 14:31:00','2025-11-21 12:30:23'),(33,'jhonny_moreno@epam.com','jhonny_moreno@epam.com','','user',1,'active',3,12,'Jhonny','Moreno','https://static.cdn.epam.com/avatar/652423e18db03ee3b7c2b97c66edc8ac.jpg',0,1,'2025-11-07 15:04:14','2025-11-07 15:03:53','2025-11-07 15:04:14'),(34,'horacio_rojas@epam.com','Horacio_Rojas@epam.com','','user',1,'active',3,12,'Horacio','Rojas','https://static.cdn.epam.com/avatar/5c2394a7608d2dd17a0c2cc99cb6d09c.jpg',0,1,'2025-11-07 15:12:49','2025-11-07 15:12:33','2025-11-25 17:40:18'),(35,'sandra_mesa@epam.com','sandra_mesa@epam.com','','user',1,'active',3,12,'Sandra','Mesa','https://static.cdn.epam.com/avatar/9453f72b80f7b9d434cb669c01eed920.jpg',0,1,'2025-11-12 15:05:00','2025-11-10 14:25:20','2025-11-12 15:04:59'),(36,'rajasekhar_karadi@epam.com','rajasekhar_karadi@epam.com','','user',1,'active',3,12,'Rajasekhar','Karadi','https://static.cdn.epam.com/avatar/d7f97aa78bfc6573968c27e6ffbef5b4.jpg',0,1,'2025-12-12 17:13:38','2025-11-10 15:30:34','2025-12-12 17:13:39'),(37,'balamanivenkatesh_gangula@epam.com','balamanivenkatesh_gangula@epam.com','','user',1,'active',3,12,'Bala Mani Venkatesh','Gangula','https://static.cdn.epam.com/avatar/6d61843fa76e39b4e89c732822d60f26.jpg',0,1,'2025-12-19 14:30:16','2025-11-10 15:48:39','2025-12-19 14:30:16'),(38,'abdul_rahman@epam.com','Abdul_Rahman@epam.com','','user',1,'active',1,2,'Abdul','Rahman','https://static.cdn.epam.com/avatar/917ec70d75cfa4dae9a07fad02358e21.jpg',0,1,'2025-11-11 13:05:41','2025-11-11 13:05:27','2025-11-11 13:05:40'),(39,'sean_li@epam.com','Sean_Li@epam.com','','user',1,'active',3,12,'Sean','Li','https://static.cdn.epam.com/avatar/840a1e349be28d4efe59d33bfaaf702b.jpg',0,1,'2025-12-11 15:22:59','2025-11-11 17:20:56','2025-12-11 15:22:58'),(40,'techopsuser1','techopsuser1@example.com','scrypt:32768:8:1$ae4NXJA772QanbLZ$de3cb7394cfe35c50536e6f5cc2128da9c45dce74f0f4c5c94d772575faee44d5f6d4f324dbf27d7870f2b1d73b4d4b9a590fe9bd2f8b2ca78a44206196db039','user',1,'active',1,2,'techops','user1',NULL,0,0,'2025-12-08 08:59:22','2025-11-18 08:50:53','2025-12-08 08:59:21'),(41,'techopsuser2','techopsuser2@example.com','scrypt:32768:8:1$ICZcleguYfmchFBN$2f3d3952c3ff8f4a896489937420e826b2b006fbb71ec2dd4014e63dd2c46fbb4cc1f6fb9c7555ff5601b9138e5ee5e206e9d9172e72f260015e1fbbecb3c18d','user',1,'active',1,2,'techops','user2',NULL,0,1,'2025-11-21 12:34:13','2025-11-18 08:52:22','2025-11-21 12:34:13'),(42,'techopsuser3','techopsuser3@example.com','scrypt:32768:8:1$12PEUtrBAWdN4Y3W$b69dc7bcb0770c11cb1635e81e53944a45b91326f8797c2bf953a94002ffaeb760b62ce3b875a19f28e890834107d29010355491e28680ba9340a3c3c499840e','user',1,'active',1,2,'techops','user3',NULL,1,0,'2025-11-18 15:24:59','2025-11-18 08:52:43','2025-11-21 12:50:01'),(43,'techopsuser4','techopsuser4@example.com','scrypt:32768:8:1$TnVAutd81XplLr9T$fd6902b2e3b003cde8d5854387a68aa287dc0ec6113de2a92c75ee5a29e031e71691d8c98710ac6dc220de89d81a52e1e1f144c904dd23164753b0f927cefe03','user',1,'active',1,2,'techops','user4',NULL,1,0,'2025-11-18 14:31:16','2025-11-18 08:53:05','2025-11-21 12:50:11'),(44,'ashutosh_balodi@epam.com','ashutosh_balodi@epam.com','','team_admin',1,'active',3,7,'Ashutosh','Balodi','https://static.cdn.epam.com/avatar/47da9cb8c68b51722732c23dad8e59f6.jpg',0,1,'2025-11-18 11:45:17','2025-11-18 11:45:04','2025-11-18 11:45:46'),(45,'neehakumari_palavari@epam.com','neehakumari_palavari@epam.com','','user',1,'active',3,5,'Neehakumari','Palavari','https://static.cdn.epam.com/avatar/a70488b16382e31319920500d8c7e209.jpg',0,0,'2025-12-04 08:48:00','2025-11-18 14:12:53','2025-12-04 08:47:59'),(46,'testuser1','testuser1@example.com','scrypt:32768:8:1$CTsM6QiA8YwfrJSP$c8bde04e0221a9ab20147c445749932a340be9c573ebc0da106b4cc4e3c395c696328dbfe3d7950f9c10656048bf9f023300bcaf9af9f2a688e62530289507ae','user',0,'disabled',NULL,NULL,NULL,NULL,NULL,1,0,NULL,'2025-11-18 16:26:14','2025-11-21 12:30:23'),(47,'testuser2','testuser2@example.com','scrypt:32768:8:1$Di3OEufKaBudiwq8$8ac8b3b9ddc4f7566918ae643bd8f9166f3212826d1b180e126d102ce6a4229cb182043daf39238ede8b3e683b86124910f49b811f662e7466aaa8949cfa039c','user',0,'disabled',NULL,NULL,NULL,NULL,NULL,1,0,NULL,'2025-11-18 16:26:14','2025-11-21 12:30:23'),(48,'testuser3','testuser3@example.com','scrypt:32768:8:1$ofB1qMClcfMDRoFy$3203a38ab6436d5e9ddf272ccd85dbe2d56cd38f362f56acfd2a8473b6ae177ef367964b5990763225b5d0b8a570aa56faaf5386ef2207a190cf4e83299e0ba2','user',0,'disabled',NULL,NULL,NULL,NULL,NULL,1,0,NULL,'2025-11-18 16:26:14','2025-11-21 12:30:23'),(49,'taras_danilenka@epam.com','Taras_Danilenka@epam.com','','user',1,'active',1,2,'Taras','Danilenka','https://static.cdn.epam.com/avatar/a1e268a0a0d4c0f7220f26a961881c86.jpg',1,0,'2025-11-19 08:54:16','2025-11-19 08:54:15','2025-11-21 12:50:21'),(50,'atharva_tiwari@epam.com','atharva_tiwari@epam.com','','user',1,'active',3,5,'Atharva','Tiwari','https://static.cdn.epam.com/avatar/71a1469cf2cd7a48cdb82f55e9ed9165.jpg',0,0,'2025-12-21 16:43:55','2025-11-20 10:09:44','2025-12-21 16:43:54'),(51,'sakshi_rajaramjagtap@epam.com','sakshi_rajaramjagtap@epam.com','','user',1,'active',3,13,'Sakshi','Rajaram Jagtap','https://static.cdn.epam.com/avatar/0d62122c3bc8648fcf69ba92c81396b9.jpg',0,0,'2025-11-24 09:15:25','2025-11-21 11:07:27','2025-11-24 09:15:25'),(52,'sai_sindhujaa@epam.com','sai_sindhujaa@epam.com','','user',1,'active',3,13,'Sai','Sindhuja A','https://static.cdn.epam.com/avatar/e1b8619ed6e8d3d5d1e2c296140c9cff.jpg',0,0,'2025-12-22 09:56:36','2025-11-21 12:08:26','2025-12-22 09:56:36'),(53,'sso_test_123136','sso_test_123136@example.com','scrypt:32768:8:1$j7qktfvdveK7UiQa$b9787772080dc6dcb2446403cd72a67237a59e9a58d30ca85121c9b49433961d52fd3ca370f6e5c5aba97a4b439fa211386961313319818b4ddb8b7b0fcd2447','user',1,'active',1,2,NULL,NULL,NULL,0,1,'2025-11-21 12:33:54','2025-11-21 12:31:37','2025-11-21 12:33:54'),(54,'swetha_singh@epam.com','swetha_singh@epam.com','','user',1,'active',3,13,'Swetha','Singh','https://static.cdn.epam.com/avatar/347e0fae8a670806c16c0571ae158555.jpg',0,0,'2025-12-22 18:36:45','2025-11-24 07:48:10','2025-12-22 18:36:45'),(55,'sudhanshu_srivastava@epam.com','sudhanshu_srivastava@epam.com','','user',1,'active',3,5,'Sudhanshu','Srivastava','https://static.cdn.epam.com/avatar/e7b8e943753b72e4b591dc26697e55a2.jpg',0,0,'2025-12-06 12:32:30','2025-12-03 09:53:08','2025-12-06 12:32:29'),(56,'santosh_rath@epam.com','Santosh_Rath@epam.com','','user',1,'active',3,5,'Santosh','Rath','https://static.cdn.epam.com/avatar/5b3b3233a8700735651de88a2156c5d8.jpg',0,0,'2025-12-18 17:09:53','2025-12-03 12:22:59','2025-12-18 17:09:53'),(57,'akashkaustubh_pol@epam.com','akashkaustubh_pol@epam.com','','user',1,'active',3,7,'Akash Kaustubh','Pol','https://static.cdn.epam.com/avatar/d18a378478c2116e0c720a38630db89c.jpg',0,0,'2025-12-05 11:57:27','2025-12-05 11:57:26','2025-12-05 11:57:26'),(58,'srinivas_thummanapally@epam.com','srinivas_thummanapally@epam.com','','team_admin',1,'active',3,7,'Srinivas','Thummanapally','https://static.cdn.epam.com/avatar/c45b81394ea7898ad58663706191ad0f.jpg',0,0,'2025-12-05 11:57:45','2025-12-05 11:57:45','2025-12-05 12:08:14'),(59,'jaspal_singh@epam.com','jaspal_singh@epam.com','','team_admin',1,'active',3,7,'Jaspal','Singh','https://static.cdn.epam.com/avatar/acc5a4eeb4acce18d6387a961ec0ac47.jpg',0,0,'2025-12-05 11:58:45','2025-12-05 11:58:45','2025-12-05 12:00:57'),(60,'prashant_singh1@epam.com','prashant_singh1@epam.com','','user',1,'active',3,5,'Prashant','Singh1','https://static.cdn.epam.com/avatar/57dd1f92993b1ea3dce7c3b450794d71.jpg',0,0,'2025-12-05 17:57:56','2025-12-05 17:57:55','2025-12-05 17:57:55'),(61,'garima_singh3@epam.com','garima_singh3@epam.com','','user',1,'active',3,5,'Garima','Singh3','https://static.cdn.epam.com/avatar/ea92c71e4a7d18035ec5bcbb6e921ca2.jpg',0,0,'2025-12-07 09:59:34','2025-12-06 09:49:16','2025-12-07 09:59:33'),(62,'varundev_tyagi@epam.com','varundev_tyagi@epam.com','','user',1,'active',3,7,'Varun Dev','Tyagi','https://static.cdn.epam.com/avatar/297df2e10531dd7d392ec39312702e94.jpg',0,0,'2025-12-08 11:33:48','2025-12-08 11:33:47','2025-12-08 11:33:48'),(63,'shodha_hm@epam.com','shodha_hm@epam.com','','user',1,'active',3,5,'Shodha','hm','https://static.cdn.epam.com/avatar/fe01f5dea744d60bd1c0daf73fa1031c.jpg',0,0,'2025-12-13 08:42:32','2025-12-08 15:55:46','2025-12-13 08:42:32'),(64,'umabharathy_trichy@epam.com','umabharathy_trichy@epam.com','','user',1,'active',3,5,'UmaBharathy','Trichy','https://static.cdn.epam.com/avatar/3121e02f339a289befae5cc31e09a3eb.jpg',0,0,'2025-12-18 16:51:49','2025-12-08 18:22:17','2025-12-18 16:51:48'),(65,'jansirani_s@epam.com','jansirani_s@epam.com','','user',1,'active',3,13,'Jansirani','S','https://static.cdn.epam.com/avatar/19574456e6e77d1909c02ceb734bc505.jpg',0,0,'2025-12-18 18:34:07','2025-12-11 18:43:19','2025-12-18 18:34:07');
/*!40000 ALTER TABLE `user` ENABLE KEYS */;
UNLOCK TABLES;

--
-- Dumping data for table `team_member`
--

LOCK TABLES `team_member` WRITE;
/*!40000 ALTER TABLE `team_member` DISABLE KEYS */;
INSERT INTO `team_member` (`id`, `user_id`, `name`, `email`, `contact_number`, `role`, `created_at`, `updated_at`, `is_active`, `account_id`, `team_id`) VALUES (1,12,'david_ops','david_ops@example.com','N/A','AutoImported','2025-11-18 09:10:31','2025-11-20 14:36:49',0,1,2),(4,NULL,'Pramod Shrivastava','pramod_shrivastava@epam.com','N/A','Senior Application Support Analyst','2025-11-18 09:10:31','2025-11-18 09:10:31',1,3,5),(5,45,'Neehakumari Palavari','neehakumari_palavari@epam.com','N/A','Application Support Analyst','2025-11-18 09:10:31','2025-11-18 14:12:53',1,3,5),(6,60,'Prashant Singh','prashant_singh1@epam.com','N/A','Application Support Analyst','2025-11-18 09:10:31','2025-12-06 09:49:16',1,3,5),(7,18,'Sajid Mohammad','sajid_mohammad@epam.com','9505788866','Senior Application Support Analyst','2025-11-18 09:10:31','2025-11-18 09:10:31',1,3,5),(8,20,'Sreenivasula BommiReddy','sreenivasula_bommireddy@epam.com','N/A','Lead Application Support Analyst','2025-11-18 09:10:31','2025-11-18 13:53:08',1,3,5),(9,21,'Manoj Kumar Korupolu','manoj_korupolu@epam.com','N/A','Lead Application Support Analyst','2025-11-18 09:10:31','2025-11-18 09:51:12',1,3,5),(10,NULL,'Shahataaz Dudekula','shahataaz_dudekula@epam.com','N/A','Application Support Analyst','2025-11-18 09:10:31','2025-11-18 09:10:31',1,3,5),(11,NULL,'Bharath Nataraja','bharath_nataraja@epam.com','N/A','Application Support Analyst','2025-11-18 09:10:31','2025-11-18 09:10:31',1,3,5),(12,55,'Sudhanshu Srivastava','sudhanshu_srivastava@epam.com','N/A','Application Support Analyst','2025-11-18 09:10:31','2025-12-03 09:53:08',1,3,5),(13,NULL,'Harika Boghra','harika_boghra@epam.com','N/A','Senior Application Support Analyst','2025-11-18 09:10:31','2025-11-18 09:10:31',1,3,5),(14,19,'Sai Prashanth','saiprashanth_korthiwada@epam.com','N/A','Senior Application Support Analyst','2025-11-18 09:10:31','2025-11-18 13:53:08',1,3,5),(15,56,'Santosh Rath','Santosh_Rath@epam.com','N/A','Senior Application Support Analyst','2025-11-18 09:10:31','2025-12-03 12:22:59',1,3,5),(16,61,'Garima Singh','garima_singh3@epam.com','N/A','Junior Application Support Analyst','2025-11-18 09:10:31','2025-12-06 09:49:16',1,3,5),(17,50,'Atharva Tiwari','atharva_tiwari@epam.com','N/A','Junior Application Support Analyst','2025-11-18 09:10:31','2025-11-20 10:09:44',1,3,5),(18,63,'Shodha Hm','shodha_hm@epam.com','N/A','Junior Application Support Analyst','2025-11-18 09:10:31','2025-12-08 15:55:46',1,3,5),(19,54,'Swetha Singh','swetha_singh@epam.com','N/A','Junior Application Support Analyst','2025-11-18 09:10:31','2025-11-25 14:03:03',1,3,13),(20,NULL,'Bramhendra Kumar','bramhendrakumar_borigorla@epam.com','N/A','Senior Application Support Analyst','2025-11-18 09:10:31','2025-11-18 09:10:31',1,3,5),(21,64,'UmaBharathy Trichy','umabharathy_trichy@epam.com','N/A','Application Support Analyst','2025-11-18 09:10:31','2025-12-08 18:22:18',1,3,5),(22,NULL,'Alex Jacob','Alex_Jacob@epam.com','N/A','Lead Systems Engineer','2025-11-18 09:10:31','2025-11-25 17:31:06',1,3,12),(23,36,'Rajasekhar Karadi','rajasekhar_karadi@epam.com','N/A','Senior Systems Engineer','2025-11-18 09:10:31','2025-11-25 17:31:28',1,3,12),(24,37,'Bala Mani Venkatesh Gangula','balamanivenkatesh_gangula@epam.com','N/A','Senior Systems Engineer','2025-11-18 09:10:31','2025-11-25 17:31:53',1,3,12),(25,NULL,'Srinivas Dasari','srinivas_dasari@epam.com','N/A','Lead Systems Engineer','2025-11-18 09:10:31','2025-11-25 17:32:14',1,3,12),(26,31,'Sachin Vakhare','sachin_vakhare@epam.com','N/A','Senior Systems Engineer','2025-11-18 09:10:31','2025-11-25 17:32:37',1,3,12),(27,33,'Jhonny Moreno','jhonny_moreno@epam.com','N/A','Lead Software Engineer','2025-11-18 09:10:31','2025-11-25 17:32:58',1,3,12),(28,35,'Sandra Mesa','sandra_mesa@epam.com','N/A','Lead Software Engineer','2025-11-18 09:10:31','2025-11-25 17:33:31',1,3,12),(29,34,'Horacio Rojas','Horacio_Rojas@epam.com','N/A','Senior Software Engineer','2025-11-18 09:10:31','2025-11-25 17:33:53',1,3,12),(30,39,'Sean Li','Sean_Li@epam.com','N/A','Senior Software Engineer','2025-11-18 09:10:31','2025-11-25 17:34:12',1,3,12),(35,32,'techopstestuser','techopstestuser@example.com','N/A','Team Member','2025-11-18 13:14:34','2025-11-20 14:36:49',0,1,2),(36,40,'techopsuser1','techopsuser1@example.com','N/A','Team Member','2025-11-18 13:14:34','2025-11-18 13:14:34',1,1,2),(37,41,'techopsuser2','techopsuser2@example.com','N/A','Team Member','2025-11-18 13:14:34','2025-11-18 13:14:34',1,1,2),(38,42,'techopsuser3','techopsuser3@example.com','N/A','Team Member','2025-11-18 13:14:34','2025-11-18 13:14:34',1,1,2),(39,43,'techopsuser4','techopsuser4@example.com','N/A','Team Member','2025-11-18 13:14:34','2025-11-18 13:14:34',1,1,2),(40,1,'superadmin','admin@shifthandover.com','N/A','Team Member','2025-11-18 13:54:11','2025-11-18 13:54:11',1,1,2),(41,2,'techcorp_admin','admin@techcorp.com','N/A','Team Member','2025-11-18 13:54:11','2025-11-18 13:54:11',1,1,2),(42,5,'ops_team_admin','ops.admin@techcorp.com','N/A','Team Member','2025-11-18 13:54:11','2025-11-18 13:54:11',1,1,2),(43,22,'temp_admin','temp.admin@test.com','N/A','Team Member','2025-11-18 13:54:11','2025-11-18 13:54:11',1,4,2),(45,24,'sandeep_kumar7@epam.com','Sandeep_Kumar7@epam.com','N/A','Team Member','2025-11-18 13:54:11','2025-11-18 13:54:11',1,1,2),(46,25,'irfan_shaik@epam.com','Irfan_Shaik@epam.com','N/A','Team Member','2025-11-18 13:54:11','2025-11-18 13:54:11',1,1,2),(47,26,'testuser','testuser@epam.com','N/A','Team Member','2025-11-18 13:54:11','2025-11-20 14:53:09',0,1,2),(48,27,'Manjeet Singh','manjeet_singh1@epam.com','N/A','Service Delivery Manager','2025-11-18 13:54:12','2025-11-26 13:17:03',1,3,7),(49,28,'Manoj Rout','Manoj_Rout@epam.com','N/A','Service Delivery Manager','2025-11-18 13:54:12','2025-11-25 17:34:34',1,3,12),(51,30,'ctctestuser','ctctestuser@example.com','N/A','Team Member','2025-11-18 13:54:12','2025-11-18 13:54:12',1,3,5),(52,38,'abdul_rahman@epam.com','Abdul_Rahman@epam.com','N/A','Team Member','2025-11-18 13:54:12','2025-11-18 13:54:12',1,1,2),(53,44,'Ashutosh Balodi','ashutosh_balodi@epam.com','N/A','Service Delivery Manager','2025-11-18 13:54:12','2025-11-26 13:16:32',1,3,7),(54,46,'testuser1','testuser1@example.com','+1-000-000-0000','Engineer','2025-11-18 17:51:02','2025-11-20 14:36:49',0,1,2),(55,47,'testuser2','testuser2@example.com','+1-000-000-0000','Engineer','2025-11-18 17:51:02','2025-11-20 14:36:49',0,1,2),(56,49,'taras_danilenka@epam.com','Taras_Danilenka@epam.com','N/A','Team Member','2025-11-19 08:54:16','2025-11-19 08:54:16',1,1,2),(57,51,'Sakshi Rajaram Jagtap','sakshi_rajaramjagtap@epam.com','N/A','Junior Application Support Analyst','2025-11-21 11:07:28','2025-11-25 14:23:04',1,3,13),(58,52,'Sai Sindhuja A','sai_sindhujaa@epam.com','N/A','Junior Application Support Analyst','2025-11-21 12:08:26','2025-11-25 14:23:30',1,3,13),(66,NULL,'Rajdip Bandopadhyay','rajdip_bandopadhyay@epam.com','N/A','Junior Application Support Analyst','2025-11-24 09:26:54','2025-11-25 14:12:57',1,3,13),(67,65,'Jansirani S','jansirani_s@epam.com','N/A','Application Support Analyst','2025-11-24 09:26:54','2025-12-11 18:43:20',1,3,13),(68,NULL,'Arisha Fatima','arisha_fatima@epam.com','N/A','Junior Application Support Analyst','2025-11-26 13:42:01','2025-11-26 13:42:01',1,3,7),(69,NULL,'Damodharan Venkatesh','damodharan_venkatesh@epam.com','N/A','Application Support Analyst','2025-11-26 13:43:44','2025-11-26 13:43:44',1,3,7),(70,NULL,'Eloy Leyva','Eloy_Leyva@epam.com','N/A','Systems Engineer','2025-11-26 13:43:44','2025-11-26 13:43:44',1,3,7),(71,59,'Jaspal Singh','jaspal_singh@epam.com','N/A','Lead Application Support Analyst','2025-11-26 13:43:44','2025-12-05 11:58:45',1,3,7),(72,NULL,'Jose Aguilera','Jose_Aguilera@epam.com','N/A','Senior Software Engineer','2025-11-26 13:43:44','2025-11-26 13:43:44',1,3,7),(73,NULL,'Jyotiskar Singh','jyotiskar_singh@epam.com','N/A','Senior Application Support Analyst','2025-11-26 13:43:44','2025-11-26 13:43:44',1,3,7),(74,23,'Kalpana Raghupathi','Kalpana_Raghupathi@epam.com','N/A','Systems Engineer','2025-11-26 13:43:44','2025-12-16 08:55:36',1,3,7),(75,NULL,'KrishnaChaitanya Gudivada','Krishnachaitanya_Gudivada@epam.com','N/A','Systems Engineer','2025-11-26 13:43:44','2025-11-26 13:43:44',1,3,7),(76,NULL,'Kurusanth Selvam','Kurusanth_Selvam@epam.com','N/A','Senior Systems Engineer','2025-11-26 13:43:44','2025-11-26 13:43:44',1,3,7),(77,NULL,'Mahesh Choppari','mahesh_choppari@epam.com','N/A','Senior Application Support Analyst','2025-11-26 13:43:44','2025-11-26 13:43:44',1,3,7),(78,NULL,'Nikhil Raj','nikhil_raj@epam.com','N/A','Application Support Analyst','2025-11-26 13:43:44','2025-11-26 13:43:44',1,3,7),(79,NULL,'Padmasree Karamala','padmasree_karamala@epam.com','N/A','Application Support Analyst','2025-11-26 13:43:44','2025-11-26 13:43:44',1,3,7),(80,NULL,'Prerna Rani','prerna_rani@epam.com','N/A','Junior Application Support Analyst','2025-11-26 13:43:44','2025-11-26 13:43:44',1,3,7),(81,NULL,'Rukmini Rajolikar','rukmini_rajolikar@epam.com','N/A','Application Support Analyst','2025-11-26 13:43:44','2025-11-26 13:43:44',1,3,7),(82,NULL,'Shaik Azhar Hussain','shaikazhar_hussain@epam.com','N/A','Senior Application Support Analyst','2025-11-26 13:43:44','2025-11-26 13:43:44',1,3,7),(83,NULL,'Shakul hameed Sayad basha','shakulhameed_sayadbasha@epam.com','N/A','Senior Application Support Analyst','2025-11-26 13:43:44','2025-11-26 13:43:44',1,3,7),(84,NULL,'Sheikfarith Ashik','sheikfarith_ashik@epam.com','N/A','Application Support Analyst','2025-11-26 13:43:44','2025-11-26 13:43:44',1,3,7),(85,NULL,'Shifa Naaz','shifa_naaz@epam.com','N/A','Junior Application Support Analyst','2025-11-26 13:43:44','2025-11-26 13:43:44',1,3,7),(86,NULL,'Sopan Patil','sopan_patil@epam.com','N/A','Lead Application Support Analyst','2025-11-26 13:43:44','2025-11-26 13:43:44',1,3,7),(87,58,'Srinivas Thummanapally','srinivas_thummanapally@epam.com','N/A','Senior Application Support Analyst','2025-11-26 13:43:44','2025-12-05 11:57:45',1,3,7),(88,NULL,'UmaBharathy Trichy','umabharathy_trichy@epam.com','N/A','Senior Application Support Analyst','2025-11-26 13:43:44','2025-11-26 13:43:44',1,3,7),(89,62,'Varun Dev Tyagi','varundev_tyagi@epam.com','N/A','Application Support Analyst','2025-11-26 13:43:44','2025-12-08 11:33:48',1,3,7),(90,NULL,'Vishal Giri','vishal_giri@epam.com','N/A','Application Support Analyst','2025-11-26 13:43:44','2025-11-26 13:43:44',1,3,7),(91,57,'Akash Kaustubh Pol','akashkaustubh_pol@epam.com','N/A','Senior Application Support Analyst','2025-11-26 13:43:44','2025-12-05 11:57:26',1,3,7),(92,NULL,'Manoj Kumar Korupolu','manoj_kumar_korupolu@example.com','N/A','AutoImported','2025-12-04 14:37:04','2025-12-04 14:37:04',1,3,13),(93,NULL,'Eloy Leyva [Mexico]','eloy_leyva_[mexico]@example.com','N/A','AutoImported','2025-12-05 12:16:56','2025-12-05 12:16:56',1,3,7),(94,NULL,'Jose Aguilera [Mexico]','jose_aguilera_[mexico]@example.com','N/A','AutoImported','2025-12-05 12:16:56','2025-12-05 12:16:56',1,3,7),(95,NULL,'Kurusanth Selvam [Mexico]','kurusanth_selvam_[mexico]@example.com','N/A','AutoImported','2025-12-05 12:16:56','2025-12-05 12:16:56',1,3,7),(96,NULL,'UmaBharathy [Mexico]','umabharathy_[mexico]@example.com','N/A','AutoImported','2025-12-05 12:16:56','2025-12-05 12:16:56',1,3,7);
/*!40000 ALTER TABLE `team_member` ENABLE KEYS */;
UNLOCK TABLES;

--
-- Dumping data for table `user_team_memberships`
--

LOCK TABLES `user_team_memberships` WRITE;
/*!40000 ALTER TABLE `user_team_memberships` DISABLE KEYS */;
INSERT INTO `user_team_memberships` (`id`, `user_id`, `team_id`, `account_id`, `is_primary`, `role`, `created_at`, `updated_at`, `added_by_id`, `is_active`) VALUES (1,56,5,3,1,'member','2025-12-08 07:47:02','2025-12-08 09:57:42',1,1),(2,30,5,3,1,'member','2025-12-08 07:47:22','2025-12-08 07:51:05',1,1),(3,61,5,3,1,'member','2025-12-08 07:55:51','2025-12-08 09:57:42',1,1),(4,21,5,3,0,'member','2025-12-08 07:58:47','2025-12-08 07:58:47',1,1),(5,21,13,3,1,'member','2025-12-08 07:58:55','2025-12-08 07:59:03',1,1),(6,60,5,3,1,'member','2025-12-08 07:59:25','2025-12-08 09:57:42',1,1),(7,55,5,3,1,'member','2025-12-08 07:59:37','2025-12-08 09:57:42',1,1),(8,54,13,3,1,'member','2025-12-08 07:59:49','2025-12-08 09:58:41',1,1),(9,51,13,3,1,'member','2025-12-08 08:00:02','2025-12-08 09:55:45',1,1),(10,28,12,3,1,'member','2025-12-08 08:00:31','2025-12-08 09:59:01',1,1),(11,44,7,3,1,'member','2025-12-08 08:00:47','2025-12-08 09:59:34',1,1),(12,58,7,3,1,'member','2025-12-08 08:01:05','2025-12-08 09:59:34',1,1),(13,59,7,3,1,'member','2025-12-08 08:01:14','2025-12-08 09:59:34',1,1),(14,52,13,3,1,'member','2025-12-08 08:01:28','2025-12-08 09:58:41',1,1),(15,50,5,3,1,'member','2025-12-08 08:01:38','2025-12-08 09:57:42',1,1),(16,45,5,3,1,'member','2025-12-08 08:01:47','2025-12-08 09:57:42',1,1),(17,19,5,3,1,'member','2025-12-08 08:02:13','2025-12-08 09:52:07',1,1),(18,20,5,3,1,'member','2025-12-08 08:02:22','2025-12-08 09:52:13',1,1),(19,27,7,3,1,'member','2025-12-08 08:02:34','2025-12-08 09:52:54',1,1),(20,31,12,3,1,'member','2025-12-08 08:02:45','2025-12-08 09:53:01',1,1),(21,33,12,3,1,'member','2025-12-08 08:03:01','2025-12-08 09:59:01',1,1),(22,34,12,3,1,'member','2025-12-08 08:03:11','2025-12-08 09:59:01',1,1),(23,35,12,3,1,'member','2025-12-08 08:03:21','2025-12-08 09:59:01',1,1),(24,36,12,3,1,'member','2025-12-08 08:03:30','2025-12-08 09:59:01',1,1),(25,37,12,3,1,'member','2025-12-08 08:03:39','2025-12-08 09:59:01',1,1),(26,39,12,3,1,'member','2025-12-08 08:03:50','2025-12-08 09:59:01',1,1),(27,57,7,3,1,'member','2025-12-08 08:04:38','2025-12-08 09:59:34',1,1),(28,40,2,1,1,'member','2025-12-08 09:11:46','2025-12-08 09:12:25',1,1),(29,12,2,1,1,'member','2025-12-08 09:51:45','2025-12-08 09:51:45',1,1),(30,18,5,3,1,'member','2025-12-08 09:51:45','2025-12-08 09:51:45',1,1),(31,32,2,1,1,'member','2025-12-08 09:51:45','2025-12-08 09:51:45',1,1),(32,41,2,1,1,'member','2025-12-08 09:51:45','2025-12-08 09:51:45',1,1),(33,42,2,1,1,'member','2025-12-08 09:51:45','2025-12-08 09:51:45',1,1),(34,43,2,1,1,'member','2025-12-08 09:51:45','2025-12-08 09:51:45',1,1),(35,1,2,1,1,'member','2025-12-08 09:51:45','2025-12-08 09:51:45',1,1),(36,2,2,1,1,'member','2025-12-08 09:51:45','2025-12-08 09:51:45',1,1),(37,5,2,1,1,'member','2025-12-08 09:51:45','2025-12-08 09:51:45',1,1),(38,22,2,4,1,'member','2025-12-08 09:51:45','2025-12-08 09:51:45',1,1),(39,24,2,1,1,'member','2025-12-08 09:51:45','2025-12-08 09:51:45',1,1),(40,25,2,1,1,'member','2025-12-08 09:51:45','2025-12-08 09:51:45',1,1),(41,26,2,1,1,'member','2025-12-08 09:51:45','2025-12-08 09:51:45',1,1),(42,38,2,1,1,'member','2025-12-08 09:51:45','2025-12-08 09:51:45',1,1),(43,46,2,1,1,'member','2025-12-08 09:51:45','2025-12-08 09:51:45',1,1),(44,47,2,1,1,'member','2025-12-08 09:51:45','2025-12-08 09:51:45',1,1),(45,49,2,1,1,'member','2025-12-08 09:51:45','2025-12-08 09:51:45',1,1),(46,54,7,3,0,'member','2025-12-15 16:37:24','2025-12-15 16:37:24',1,1),(47,64,5,3,0,'member','2025-12-15 16:37:38','2025-12-15 16:37:38',1,1),(48,64,7,3,0,'member','2025-12-15 16:37:59','2025-12-15 16:37:59',1,1);
/*!40000 ALTER TABLE `user_team_memberships` ENABLE KEYS */;
UNLOCK TABLES;
/*!40103 SET TIME_ZONE=@OLD_TIME_ZONE */;

/*!40101 SET SQL_MODE=@OLD_SQL_MODE */;
/*!40014 SET FOREIGN_KEY_CHECKS=@OLD_FOREIGN_KEY_CHECKS */;
/*!40014 SET UNIQUE_CHECKS=@OLD_UNIQUE_CHECKS */;
/*!40101 SET CHARACTER_SET_CLIENT=@OLD_CHARACTER_SET_CLIENT */;
/*!40101 SET CHARACTER_SET_RESULTS=@OLD_CHARACTER_SET_RESULTS */;
/*!40101 SET COLLATION_CONNECTION=@OLD_COLLATION_CONNECTION */;
/*!40111 SET SQL_NOTES=@OLD_SQL_NOTES */;

-- Dump completed on 2025-12-23  1:48:12
